1800-01-01,New Year's Day
1800-01-20,MLK Day
1800-02-17,President's Day
1800-04-11,Good Friday
1800-05-26,Memorial Day
1800-07-04,Independence Day
1800-09-01,Labor Day
1800-11-27,Thanksgiving
1800-12-25,Christmas Day
1801-01-01,New Year's Day
1801-01-19,MLK Day
1801-02-16,President's Day
1801-04-03,Good Friday
1801-05-25,Memorial Day
1801-07-03,Independence Day
1801-09-07,Labor Day
1801-11-26,Thanksgiving
1801-12-25,Christmas Day
1802-01-01,New Year's Day
1802-01-18,MLK Day
1802-02-15,President's Day
1802-04-16,Good Friday
1802-05-31,Memorial Day
1802-07-05,Independence Day
1802-09-06,Labor Day
1802-11-25,Thanksgiving
1802-12-24,Christmas Day
1802-12-31,New Year's Day
1803-01-17,MLK Day
1803-02-21,President's Day
1803-04-08,Good Friday
1803-05-30,Memorial Day
1803-07-04,Independence Day
1803-09-05,Labor Day
1803-11-24,Thanksgiving
1803-12-26,Christmas Day
1804-01-02,New Year's Day
1804-01-16,MLK Day
1804-02-20,President's Day
1804-03-30,Good Friday
1804-05-28,Memorial Day
1804-07-04,Independence Day
1804-09-03,Labor Day
1804-11-22,Thanksgiving
1804-12-25,Christmas Day
1805-01-01,New Year's Day
1805-01-21,MLK Day
1805-02-18,President's Day
1805-04-12,Good Friday
1805-05-27,Memorial Day
1805-07-04,Independence Day
1805-09-02,Labor Day
1805-11-28,Thanksgiving
1805-12-25,Christmas Day
1806-01-01,New Year's Day
1806-01-20,MLK Day
1806-02-17,President's Day
1806-04-04,Good Friday
1806-05-26,Memorial Day
1806-07-04,Independence Day
1806-09-01,Labor Day
1806-11-27,Thanksgiving
1806-12-25,Christmas Day
1807-01-01,New Year's Day
1807-01-19,MLK Day
1807-02-16,President's Day
1807-03-27,Good Friday
1807-05-25,Memorial Day
1807-07-03,Independence Day
1807-09-07,Labor Day
1807-11-26,Thanksgiving
1807-12-25,Christmas Day
1808-01-01,New Year's Day
1808-01-18,MLK Day
1808-02-15,President's Day
1808-04-15,Good Friday
1808-05-30,Memorial Day
1808-07-04,Independence Day
1808-09-05,Labor Day
1808-11-24,Thanksgiving
1808-12-26,Christmas Day
1809-01-02,New Year's Day
1809-01-16,MLK Day
1809-02-20,President's Day
1809-03-31,Good Friday
1809-05-29,Memorial Day
1809-07-04,Independence Day
1809-09-04,Labor Day
1809-11-23,Thanksgiving
1809-12-25,Christmas Day
1810-01-01,New Year's Day
1810-01-15,MLK Day
1810-02-19,President's Day
1810-04-20,Good Friday
1810-05-28,Memorial Day
1810-07-04,Independence Day
1810-09-03,Labor Day
1810-11-22,Thanksgiving
1810-12-25,Christmas Day
1811-01-01,New Year's Day
1811-01-21,MLK Day
1811-02-18,President's Day
1811-04-12,Good Friday
1811-05-27,Memorial Day
1811-07-04,Independence Day
1811-09-02,Labor Day
1811-11-28,Thanksgiving
1811-12-25,Christmas Day
1812-01-01,New Year's Day
1812-01-20,MLK Day
1812-02-17,President's Day
1812-03-27,Good Friday
1812-05-25,Memorial Day
1812-07-03,Independence Day
1812-09-07,Labor Day
1812-11-26,Thanksgiving
1812-12-25,Christmas Day
1813-01-01,New Year's Day
1813-01-18,MLK Day
1813-02-15,President's Day
1813-04-16,Good Friday
1813-05-31,Memorial Day
1813-07-05,Independence Day
1813-09-06,Labor Day
1813-11-25,Thanksgiving
1813-12-24,Christmas Day
1813-12-31,New Year's Day
1814-01-17,MLK Day
1814-02-21,President's Day
1814-04-08,Good Friday
1814-05-30,Memorial Day
1814-07-04,Independence Day
1814-09-05,Labor Day
1814-11-24,Thanksgiving
1814-12-26,Christmas Day
1815-01-02,New Year's Day
1815-01-16,MLK Day
1815-02-20,President's Day
1815-03-24,Good Friday
1815-05-29,Memorial Day
1815-07-04,Independence Day
1815-09-04,Labor Day
1815-11-23,Thanksgiving
1815-12-25,Christmas Day
1816-01-01,New Year's Day
1816-01-15,MLK Day
1816-02-19,President's Day
1816-04-12,Good Friday
1816-05-27,Memorial Day
1816-07-04,Independence Day
1816-09-02,Labor Day
1816-11-28,Thanksgiving
1816-12-25,Christmas Day
1817-01-01,New Year's Day
1817-01-20,MLK Day
1817-02-17,President's Day
1817-04-04,Good Friday
1817-05-26,Memorial Day
1817-07-04,Independence Day
1817-09-01,Labor Day
1817-11-27,Thanksgiving
1817-12-25,Christmas Day
1818-01-01,New Year's Day
1818-01-19,MLK Day
1818-02-16,President's Day
1818-03-20,Good Friday
1818-05-25,Memorial Day
1818-07-03,Independence Day
1818-09-07,Labor Day
1818-11-26,Thanksgiving
1818-12-25,Christmas Day
1819-01-01,New Year's Day
1819-01-18,MLK Day
1819-02-15,President's Day
1819-04-09,Good Friday
1819-05-31,Memorial Day
1819-07-05,Independence Day
1819-09-06,Labor Day
1819-11-25,Thanksgiving
1819-12-24,Christmas Day
1819-12-31,New Year's Day
1820-01-17,MLK Day
1820-02-21,President's Day
1820-03-31,Good Friday
1820-05-29,Memorial Day
1820-07-04,Independence Day
1820-09-04,Labor Day
1820-11-23,Thanksgiving
1820-12-25,Christmas Day
1821-01-01,New Year's Day
1821-01-15,MLK Day
1821-02-19,President's Day
1821-04-20,Good Friday
1821-05-28,Memorial Day
1821-07-04,Independence Day
1821-09-03,Labor Day
1821-11-22,Thanksgiving
1821-12-25,Christmas Day
1822-01-01,New Year's Day
1822-01-21,MLK Day
1822-02-18,President's Day
1822-04-05,Good Friday
1822-05-27,Memorial Day
1822-07-04,Independence Day
1822-09-02,Labor Day
1822-11-28,Thanksgiving
1822-12-25,Christmas Day
1823-01-01,New Year's Day
1823-01-20,MLK Day
1823-02-17,President's Day
1823-03-28,Good Friday
1823-05-26,Memorial Day
1823-07-04,Independence Day
1823-09-01,Labor Day
1823-11-27,Thanksgiving
1823-12-25,Christmas Day
1824-01-01,New Year's Day
1824-01-19,MLK Day
1824-02-16,President's Day
1824-04-16,Good Friday
1824-05-31,Memorial Day
1824-07-05,Independence Day
1824-09-06,Labor Day
1824-11-25,Thanksgiving
1824-12-24,Christmas Day
1824-12-31,New Year's Day
1825-01-17,MLK Day
1825-02-21,President's Day
1825-04-01,Good Friday
1825-05-30,Memorial Day
1825-07-04,Independence Day
1825-09-05,Labor Day
1825-11-24,Thanksgiving
1825-12-26,Christmas Day
1826-01-02,New Year's Day
1826-01-16,MLK Day
1826-02-20,President's Day
1826-03-24,Good Friday
1826-05-29,Memorial Day
1826-07-04,Independence Day
1826-09-04,Labor Day
1826-11-23,Thanksgiving
1826-12-25,Christmas Day
1827-01-01,New Year's Day
1827-01-15,MLK Day
1827-02-19,President's Day
1827-04-13,Good Friday
1827-05-28,Memorial Day
1827-07-04,Independence Day
1827-09-03,Labor Day
1827-11-22,Thanksgiving
1827-12-25,Christmas Day
1828-01-01,New Year's Day
1828-01-21,MLK Day
1828-02-18,President's Day
1828-04-04,Good Friday
1828-05-26,Memorial Day
1828-07-04,Independence Day
1828-09-01,Labor Day
1828-11-27,Thanksgiving
1828-12-25,Christmas Day
1829-01-01,New Year's Day
1829-01-19,MLK Day
1829-02-16,President's Day
1829-04-17,Good Friday
1829-05-25,Memorial Day
1829-07-03,Independence Day
1829-09-07,Labor Day
1829-11-26,Thanksgiving
1829-12-25,Christmas Day
1830-01-01,New Year's Day
1830-01-18,MLK Day
1830-02-15,President's Day
1830-04-09,Good Friday
1830-05-31,Memorial Day
1830-07-05,Independence Day
1830-09-06,Labor Day
1830-11-25,Thanksgiving
1830-12-24,Christmas Day
1830-12-31,New Year's Day
1831-01-17,MLK Day
1831-02-21,President's Day
1831-04-01,Good Friday
1831-05-30,Memorial Day
1831-07-04,Independence Day
1831-09-05,Labor Day
1831-11-24,Thanksgiving
1831-12-26,Christmas Day
1832-01-02,New Year's Day
1832-01-16,MLK Day
1832-02-20,President's Day
1832-04-20,Good Friday
1832-05-28,Memorial Day
1832-07-04,Independence Day
1832-09-03,Labor Day
1832-11-22,Thanksgiving
1832-12-25,Christmas Day
1833-01-01,New Year's Day
1833-01-21,MLK Day
1833-02-18,President's Day
1833-04-05,Good Friday
1833-05-27,Memorial Day
1833-07-04,Independence Day
1833-09-02,Labor Day
1833-11-28,Thanksgiving
1833-12-25,Christmas Day
1834-01-01,New Year's Day
1834-01-20,MLK Day
1834-02-17,President's Day
1834-03-28,Good Friday
1834-05-26,Memorial Day
1834-07-04,Independence Day
1834-09-01,Labor Day
1834-11-27,Thanksgiving
1834-12-25,Christmas Day
1835-01-01,New Year's Day
1835-01-19,MLK Day
1835-02-16,President's Day
1835-04-17,Good Friday
1835-05-25,Memorial Day
1835-07-03,Independence Day
1835-09-07,Labor Day
1835-11-26,Thanksgiving
1835-12-25,Christmas Day
1836-01-01,New Year's Day
1836-01-18,MLK Day
1836-02-15,President's Day
1836-04-01,Good Friday
1836-05-30,Memorial Day
1836-07-04,Independence Day
1836-09-05,Labor Day
1836-11-24,Thanksgiving
1836-12-26,Christmas Day
1837-01-02,New Year's Day
1837-01-16,MLK Day
1837-02-20,President's Day
1837-03-24,Good Friday
1837-05-29,Memorial Day
1837-07-04,Independence Day
1837-09-04,Labor Day
1837-11-23,Thanksgiving
1837-12-25,Christmas Day
1838-01-01,New Year's Day
1838-01-15,MLK Day
1838-02-19,President's Day
1838-04-13,Good Friday
1838-05-28,Memorial Day
1838-07-04,Independence Day
1838-09-03,Labor Day
1838-11-22,Thanksgiving
1838-12-25,Christmas Day
1839-01-01,New Year's Day
1839-01-21,MLK Day
1839-02-18,President's Day
1839-03-29,Good Friday
1839-05-27,Memorial Day
1839-07-04,Independence Day
1839-09-02,Labor Day
1839-11-28,Thanksgiving
1839-12-25,Christmas Day
1840-01-01,New Year's Day
1840-01-20,MLK Day
1840-02-17,President's Day
1840-04-17,Good Friday
1840-05-25,Memorial Day
1840-07-03,Independence Day
1840-09-07,Labor Day
1840-11-26,Thanksgiving
1840-12-25,Christmas Day
1841-01-01,New Year's Day
1841-01-18,MLK Day
1841-02-15,President's Day
1841-04-09,Good Friday
1841-05-31,Memorial Day
1841-07-05,Independence Day
1841-09-06,Labor Day
1841-11-25,Thanksgiving
1841-12-24,Christmas Day
1841-12-31,New Year's Day
1842-01-17,MLK Day
1842-02-21,President's Day
1842-03-25,Good Friday
1842-05-30,Memorial Day
1842-07-04,Independence Day
1842-09-05,Labor Day
1842-11-24,Thanksgiving
1842-12-26,Christmas Day
1843-01-02,New Year's Day
1843-01-16,MLK Day
1843-02-20,President's Day
1843-04-14,Good Friday
1843-05-29,Memorial Day
1843-07-04,Independence Day
1843-09-04,Labor Day
1843-11-23,Thanksgiving
1843-12-25,Christmas Day
1844-01-01,New Year's Day
1844-01-15,MLK Day
1844-02-19,President's Day
1844-04-05,Good Friday
1844-05-27,Memorial Day
1844-07-04,Independence Day
1844-09-02,Labor Day
1844-11-28,Thanksgiving
1844-12-25,Christmas Day
1845-01-01,New Year's Day
1845-01-20,MLK Day
1845-02-17,President's Day
1845-03-21,Good Friday
1845-05-26,Memorial Day
1845-07-04,Independence Day
1845-09-01,Labor Day
1845-11-27,Thanksgiving
1845-12-25,Christmas Day
1846-01-01,New Year's Day
1846-01-19,MLK Day
1846-02-16,President's Day
1846-04-10,Good Friday
1846-05-25,Memorial Day
1846-07-03,Independence Day
1846-09-07,Labor Day
1846-11-26,Thanksgiving
1846-12-25,Christmas Day
1847-01-01,New Year's Day
1847-01-18,MLK Day
1847-02-15,President's Day
1847-04-02,Good Friday
1847-05-31,Memorial Day
1847-07-05,Independence Day
1847-09-06,Labor Day
1847-11-25,Thanksgiving
1847-12-24,Christmas Day
1847-12-31,New Year's Day
1848-01-17,MLK Day
1848-02-21,President's Day
1848-04-21,Good Friday
1848-05-29,Memorial Day
1848-07-04,Independence Day
1848-09-04,Labor Day
1848-11-23,Thanksgiving
1848-12-25,Christmas Day
1849-01-01,New Year's Day
1849-01-15,MLK Day
1849-02-19,President's Day
1849-04-06,Good Friday
1849-05-28,Memorial Day
1849-07-04,Independence Day
1849-09-03,Labor Day
1849-11-22,Thanksgiving
1849-12-25,Christmas Day
1850-01-01,New Year's Day
1850-01-21,MLK Day
1850-02-18,President's Day
1850-03-29,Good Friday
1850-05-27,Memorial Day
1850-07-04,Independence Day
1850-09-02,Labor Day
1850-11-28,Thanksgiving
1850-12-25,Christmas Day
1851-01-01,New Year's Day
1851-01-20,MLK Day
1851-02-17,President's Day
1851-04-18,Good Friday
1851-05-26,Memorial Day
1851-07-04,Independence Day
1851-09-01,Labor Day
1851-11-27,Thanksgiving
1851-12-25,Christmas Day
1852-01-01,New Year's Day
1852-01-19,MLK Day
1852-02-16,President's Day
1852-04-09,Good Friday
1852-05-31,Memorial Day
1852-07-05,Independence Day
1852-09-06,Labor Day
1852-11-25,Thanksgiving
1852-12-24,Christmas Day
1852-12-31,New Year's Day
1853-01-17,MLK Day
1853-02-21,President's Day
1853-03-25,Good Friday
1853-05-30,Memorial Day
1853-07-04,Independence Day
1853-09-05,Labor Day
1853-11-24,Thanksgiving
1853-12-26,Christmas Day
1854-01-02,New Year's Day
1854-01-16,MLK Day
1854-02-20,President's Day
1854-04-14,Good Friday
1854-05-29,Memorial Day
1854-07-04,Independence Day
1854-09-04,Labor Day
1854-11-23,Thanksgiving
1854-12-25,Christmas Day
1855-01-01,New Year's Day
1855-01-15,MLK Day
1855-02-19,President's Day
1855-04-06,Good Friday
1855-05-28,Memorial Day
1855-07-04,Independence Day
1855-09-03,Labor Day
1855-11-22,Thanksgiving
1855-12-25,Christmas Day
1856-01-01,New Year's Day
1856-01-21,MLK Day
1856-02-18,President's Day
1856-03-21,Good Friday
1856-05-26,Memorial Day
1856-07-04,Independence Day
1856-09-01,Labor Day
1856-11-27,Thanksgiving
1856-12-25,Christmas Day
1857-01-01,New Year's Day
1857-01-19,MLK Day
1857-02-16,President's Day
1857-04-10,Good Friday
1857-05-25,Memorial Day
1857-07-03,Independence Day
1857-09-07,Labor Day
1857-11-26,Thanksgiving
1857-12-25,Christmas Day
1858-01-01,New Year's Day
1858-01-18,MLK Day
1858-02-15,President's Day
1858-04-02,Good Friday
1858-05-31,Memorial Day
1858-07-05,Independence Day
1858-09-06,Labor Day
1858-11-25,Thanksgiving
1858-12-24,Christmas Day
1858-12-31,New Year's Day
1859-01-17,MLK Day
1859-02-21,President's Day
1859-04-22,Good Friday
1859-05-30,Memorial Day
1859-07-04,Independence Day
1859-09-05,Labor Day
1859-11-24,Thanksgiving
1859-12-26,Christmas Day
1860-01-02,New Year's Day
1860-01-16,MLK Day
1860-02-20,President's Day
1860-04-06,Good Friday
1860-05-28,Memorial Day
1860-07-04,Independence Day
1860-09-03,Labor Day
1860-11-22,Thanksgiving
1860-12-25,Christmas Day
1861-01-01,New Year's Day
1861-01-21,MLK Day
1861-02-18,President's Day
1861-03-29,Good Friday
1861-05-27,Memorial Day
1861-07-04,Independence Day
1861-09-02,Labor Day
1861-11-28,Thanksgiving
1861-12-25,Christmas Day
1862-01-01,New Year's Day
1862-01-20,MLK Day
1862-02-17,President's Day
1862-04-18,Good Friday
1862-05-26,Memorial Day
1862-07-04,Independence Day
1862-09-01,Labor Day
1862-11-27,Thanksgiving
1862-12-25,Christmas Day
1863-01-01,New Year's Day
1863-01-19,MLK Day
1863-02-16,President's Day
1863-04-03,Good Friday
1863-05-25,Memorial Day
1863-07-03,Independence Day
1863-09-07,Labor Day
1863-11-26,Thanksgiving
1863-12-25,Christmas Day
1864-01-01,New Year's Day
1864-01-18,MLK Day
1864-02-15,President's Day
1864-03-25,Good Friday
1864-05-30,Memorial Day
1864-07-04,Independence Day
1864-09-05,Labor Day
1864-11-24,Thanksgiving
1864-12-26,Christmas Day
1865-01-02,New Year's Day
1865-01-16,MLK Day
1865-02-20,President's Day
1865-04-14,Good Friday
1865-05-29,Memorial Day
1865-07-04,Independence Day
1865-09-04,Labor Day
1865-11-23,Thanksgiving
1865-12-25,Christmas Day
1866-01-01,New Year's Day
1866-01-15,MLK Day
1866-02-19,President's Day
1866-03-30,Good Friday
1866-05-28,Memorial Day
1866-07-04,Independence Day
1866-09-03,Labor Day
1866-11-22,Thanksgiving
1866-12-25,Christmas Day
1867-01-01,New Year's Day
1867-01-21,MLK Day
1867-02-18,President's Day
1867-04-19,Good Friday
1867-05-27,Memorial Day
1867-07-04,Independence Day
1867-09-02,Labor Day
1867-11-28,Thanksgiving
1867-12-25,Christmas Day
1868-01-01,New Year's Day
1868-01-20,MLK Day
1868-02-17,President's Day
1868-04-10,Good Friday
1868-05-25,Memorial Day
1868-07-03,Independence Day
1868-09-07,Labor Day
1868-11-26,Thanksgiving
1868-12-25,Christmas Day
1869-01-01,New Year's Day
1869-01-18,MLK Day
1869-02-15,President's Day
1869-03-26,Good Friday
1869-05-31,Memorial Day
1869-07-05,Independence Day
1869-09-06,Labor Day
1869-11-25,Thanksgiving
1869-12-24,Christmas Day
1869-12-31,New Year's Day
1870-01-17,MLK Day
1870-02-21,President's Day
1870-04-15,Good Friday
1870-05-30,Memorial Day
1870-07-04,Independence Day
1870-09-05,Labor Day
1870-11-24,Thanksgiving
1870-12-26,Christmas Day
1871-01-02,New Year's Day
1871-01-16,MLK Day
1871-02-20,President's Day
1871-04-07,Good Friday
1871-05-29,Memorial Day
1871-07-04,Independence Day
1871-09-04,Labor Day
1871-11-23,Thanksgiving
1871-12-25,Christmas Day
1872-01-01,New Year's Day
1872-01-15,MLK Day
1872-02-19,President's Day
1872-03-29,Good Friday
1872-05-27,Memorial Day
1872-07-04,Independence Day
1872-09-02,Labor Day
1872-11-28,Thanksgiving
1872-12-25,Christmas Day
1873-01-01,New Year's Day
1873-01-20,MLK Day
1873-02-17,President's Day
1873-04-11,Good Friday
1873-05-26,Memorial Day
1873-07-04,Independence Day
1873-09-01,Labor Day
1873-11-27,Thanksgiving
1873-12-25,Christmas Day
1874-01-01,New Year's Day
1874-01-19,MLK Day
1874-02-16,President's Day
1874-04-03,Good Friday
1874-05-25,Memorial Day
1874-07-03,Independence Day
1874-09-07,Labor Day
1874-11-26,Thanksgiving
1874-12-25,Christmas Day
1875-01-01,New Year's Day
1875-01-18,MLK Day
1875-02-15,President's Day
1875-03-26,Good Friday
1875-05-31,Memorial Day
1875-07-05,Independence Day
1875-09-06,Labor Day
1875-11-25,Thanksgiving
1875-12-24,Christmas Day
1875-12-31,New Year's Day
1876-01-17,MLK Day
1876-02-21,President's Day
1876-04-14,Good Friday
1876-05-29,Memorial Day
1876-07-04,Independence Day
1876-09-04,Labor Day
1876-11-23,Thanksgiving
1876-12-25,Christmas Day
1877-01-01,New Year's Day
1877-01-15,MLK Day
1877-02-19,President's Day
1877-03-30,Good Friday
1877-05-28,Memorial Day
1877-07-04,Independence Day
1877-09-03,Labor Day
1877-11-22,Thanksgiving
1877-12-25,Christmas Day
1878-01-01,New Year's Day
1878-01-21,MLK Day
1878-02-18,President's Day
1878-04-19,Good Friday
1878-05-27,Memorial Day
1878-07-04,Independence Day
1878-09-02,Labor Day
1878-11-28,Thanksgiving
1878-12-25,Christmas Day
1879-01-01,New Year's Day
1879-01-20,MLK Day
1879-02-17,President's Day
1879-04-11,Good Friday
1879-05-26,Memorial Day
1879-07-04,Independence Day
1879-09-01,Labor Day
1879-11-27,Thanksgiving
1879-12-25,Christmas Day
1880-01-01,New Year's Day
1880-01-19,MLK Day
1880-02-16,President's Day
1880-03-26,Good Friday
1880-05-31,Memorial Day
1880-07-05,Independence Day
1880-09-06,Labor Day
1880-11-25,Thanksgiving
1880-12-24,Christmas Day
1880-12-31,New Year's Day
1881-01-17,MLK Day
1881-02-21,President's Day
1881-04-15,Good Friday
1881-05-30,Memorial Day
1881-07-04,Independence Day
1881-09-05,Labor Day
1881-11-24,Thanksgiving
1881-12-26,Christmas Day
1882-01-02,New Year's Day
1882-01-16,MLK Day
1882-02-20,President's Day
1882-04-07,Good Friday
1882-05-29,Memorial Day
1882-07-04,Independence Day
1882-09-04,Labor Day
1882-11-23,Thanksgiving
1882-12-25,Christmas Day
1883-01-01,New Year's Day
1883-01-15,MLK Day
1883-02-19,President's Day
1883-03-23,Good Friday
1883-05-28,Memorial Day
1883-07-04,Independence Day
1883-09-03,Labor Day
1883-11-22,Thanksgiving
1883-12-25,Christmas Day
1884-01-01,New Year's Day
1884-01-21,MLK Day
1884-02-18,President's Day
1884-04-11,Good Friday
1884-05-26,Memorial Day
1884-07-04,Independence Day
1884-09-01,Labor Day
1884-11-27,Thanksgiving
1884-12-25,Christmas Day
1885-01-01,New Year's Day
1885-01-19,MLK Day
1885-02-16,President's Day
1885-04-03,Good Friday
1885-05-25,Memorial Day
1885-07-03,Independence Day
1885-09-07,Labor Day
1885-11-26,Thanksgiving
1885-12-25,Christmas Day
1886-01-01,New Year's Day
1886-01-18,MLK Day
1886-02-15,President's Day
1886-04-23,Good Friday
1886-05-31,Memorial Day
1886-07-05,Independence Day
1886-09-06,Labor Day
1886-11-25,Thanksgiving
1886-12-24,Christmas Day
1886-12-31,New Year's Day
1887-01-17,MLK Day
1887-02-21,President's Day
1887-04-08,Good Friday
1887-05-30,Memorial Day
1887-07-04,Independence Day
1887-09-05,Labor Day
1887-11-24,Thanksgiving
1887-12-26,Christmas Day
1888-01-02,New Year's Day
1888-01-16,MLK Day
1888-02-20,President's Day
1888-03-30,Good Friday
1888-05-28,Memorial Day
1888-07-04,Independence Day
1888-09-03,Labor Day
1888-11-22,Thanksgiving
1888-12-25,Christmas Day
1889-01-01,New Year's Day
1889-01-21,MLK Day
1889-02-18,President's Day
1889-04-19,Good Friday
1889-05-27,Memorial Day
1889-07-04,Independence Day
1889-09-02,Labor Day
1889-11-28,Thanksgiving
1889-12-25,Christmas Day
1890-01-01,New Year's Day
1890-01-20,MLK Day
1890-02-17,President's Day
1890-04-04,Good Friday
1890-05-26,Memorial Day
1890-07-04,Independence Day
1890-09-01,Labor Day
1890-11-27,Thanksgiving
1890-12-25,Christmas Day
1891-01-01,New Year's Day
1891-01-19,MLK Day
1891-02-16,President's Day
1891-03-27,Good Friday
1891-05-25,Memorial Day
1891-07-03,Independence Day
1891-09-07,Labor Day
1891-11-26,Thanksgiving
1891-12-25,Christmas Day
1892-01-01,New Year's Day
1892-01-18,MLK Day
1892-02-15,President's Day
1892-04-15,Good Friday
1892-05-30,Memorial Day
1892-07-04,Independence Day
1892-09-05,Labor Day
1892-11-24,Thanksgiving
1892-12-26,Christmas Day
1893-01-02,New Year's Day
1893-01-16,MLK Day
1893-02-20,President's Day
1893-03-31,Good Friday
1893-05-29,Memorial Day
1893-07-04,Independence Day
1893-09-04,Labor Day
1893-11-23,Thanksgiving
1893-12-25,Christmas Day
1894-01-01,New Year's Day
1894-01-15,MLK Day
1894-02-19,President's Day
1894-03-23,Good Friday
1894-05-28,Memorial Day
1894-07-04,Independence Day
1894-09-03,Labor Day
1894-11-22,Thanksgiving
1894-12-25,Christmas Day
1895-01-01,New Year's Day
1895-01-21,MLK Day
1895-02-18,President's Day
1895-04-12,Good Friday
1895-05-27,Memorial Day
1895-07-04,Independence Day
1895-09-02,Labor Day
1895-11-28,Thanksgiving
1895-12-25,Christmas Day
1896-01-01,New Year's Day
1896-01-20,MLK Day
1896-02-17,President's Day
1896-04-03,Good Friday
1896-05-25,Memorial Day
1896-07-03,Independence Day
1896-09-07,Labor Day
1896-11-26,Thanksgiving
1896-12-25,Christmas Day
1897-01-01,New Year's Day
1897-01-18,MLK Day
1897-02-15,President's Day
1897-04-16,Good Friday
1897-05-31,Memorial Day
1897-07-05,Independence Day
1897-09-06,Labor Day
1897-11-25,Thanksgiving
1897-12-24,Christmas Day
1897-12-31,New Year's Day
1898-01-17,MLK Day
1898-02-21,President's Day
1898-04-08,Good Friday
1898-05-30,Memorial Day
1898-07-04,Independence Day
1898-09-05,Labor Day
1898-11-24,Thanksgiving
1898-12-26,Christmas Day
1899-01-02,New Year's Day
1899-01-16,MLK Day
1899-02-20,President's Day
1899-03-31,Good Friday
1899-05-29,Memorial Day
1899-07-04,Independence Day
1899-09-04,Labor Day
1899-11-23,Thanksgiving
1899-12-25,Christmas Day
1900-01-01,New Year's Day
1900-01-15,MLK Day
1900-02-19,President's Day
1900-04-13,Good Friday
1900-05-28,Memorial Day
1900-07-04,Independence Day
1900-09-03,Labor Day
1900-11-22,Thanksgiving
1900-12-25,Christmas Day
1901-01-01,New Year's Day
1901-01-21,MLK Day
1901-02-18,President's Day
1901-04-05,Good Friday
1901-05-27,Memorial Day
1901-07-04,Independence Day
1901-09-02,Labor Day
1901-11-28,Thanksgiving
1901-12-25,Christmas Day
1902-01-01,New Year's Day
1902-01-20,MLK Day
1902-02-17,President's Day
1902-03-28,Good Friday
1902-05-26,Memorial Day
1902-07-04,Independence Day
1902-09-01,Labor Day
1902-11-27,Thanksgiving
1902-12-25,Christmas Day
1903-01-01,New Year's Day
1903-01-19,MLK Day
1903-02-16,President's Day
1903-04-10,Good Friday
1903-05-25,Memorial Day
1903-07-03,Independence Day
1903-09-07,Labor Day
1903-11-26,Thanksgiving
1903-12-25,Christmas Day
1904-01-01,New Year's Day
1904-01-18,MLK Day
1904-02-15,President's Day
1904-04-01,Good Friday
1904-05-30,Memorial Day
1904-07-04,Independence Day
1904-09-05,Labor Day
1904-11-24,Thanksgiving
1904-12-26,Christmas Day
1905-01-02,New Year's Day
1905-01-16,MLK Day
1905-02-20,President's Day
1905-04-21,Good Friday
1905-05-29,Memorial Day
1905-07-04,Independence Day
1905-09-04,Labor Day
1905-11-23,Thanksgiving
1905-12-25,Christmas Day
1906-01-01,New Year's Day
1906-01-15,MLK Day
1906-02-19,President's Day
1906-04-13,Good Friday
1906-05-28,Memorial Day
1906-07-04,Independence Day
1906-09-03,Labor Day
1906-11-22,Thanksgiving
1906-12-25,Christmas Day
1907-01-01,New Year's Day
1907-01-21,MLK Day
1907-02-18,President's Day
1907-03-29,Good Friday
1907-05-27,Memorial Day
1907-07-04,Independence Day
1907-09-02,Labor Day
1907-11-28,Thanksgiving
1907-12-25,Christmas Day
1908-01-01,New Year's Day
1908-01-20,MLK Day
1908-02-17,President's Day
1908-04-17,Good Friday
1908-05-25,Memorial Day
1908-07-03,Independence Day
1908-09-07,Labor Day
1908-11-26,Thanksgiving
1908-12-25,Christmas Day
1909-01-01,New Year's Day
1909-01-18,MLK Day
1909-02-15,President's Day
1909-04-09,Good Friday
1909-05-31,Memorial Day
1909-07-05,Independence Day
1909-09-06,Labor Day
1909-11-25,Thanksgiving
1909-12-24,Christmas Day
1909-12-31,New Year's Day
1910-01-17,MLK Day
1910-02-21,President's Day
1910-03-25,Good Friday
1910-05-30,Memorial Day
1910-07-04,Independence Day
1910-09-05,Labor Day
1910-11-24,Thanksgiving
1910-12-26,Christmas Day
1911-01-02,New Year's Day
1911-01-16,MLK Day
1911-02-20,President's Day
1911-04-14,Good Friday
1911-05-29,Memorial Day
1911-07-04,Independence Day
1911-09-04,Labor Day
1911-11-23,Thanksgiving
1911-12-25,Christmas Day
1912-01-01,New Year's Day
1912-01-15,MLK Day
1912-02-19,President's Day
1912-04-05,Good Friday
1912-05-27,Memorial Day
1912-07-04,Independence Day
1912-09-02,Labor Day
1912-11-28,Thanksgiving
1912-12-25,Christmas Day
1913-01-01,New Year's Day
1913-01-20,MLK Day
1913-02-17,President's Day
1913-03-21,Good Friday
1913-05-26,Memorial Day
1913-07-04,Independence Day
1913-09-01,Labor Day
1913-11-27,Thanksgiving
1913-12-25,Christmas Day
1914-01-01,New Year's Day
1914-01-19,MLK Day
1914-02-16,President's Day
1914-04-10,Good Friday
1914-05-25,Memorial Day
1914-07-03,Independence Day
1914-09-07,Labor Day
1914-11-26,Thanksgiving
1914-12-25,Christmas Day
1915-01-01,New Year's Day
1915-01-18,MLK Day
1915-02-15,President's Day
1915-04-02,Good Friday
1915-05-31,Memorial Day
1915-07-05,Independence Day
1915-09-06,Labor Day
1915-11-25,Thanksgiving
1915-12-24,Christmas Day
1915-12-31,New Year's Day
1916-01-17,MLK Day
1916-02-21,President's Day
1916-04-21,Good Friday
1916-05-29,Memorial Day
1916-07-04,Independence Day
1916-09-04,Labor Day
1916-11-23,Thanksgiving
1916-12-25,Christmas Day
1917-01-01,New Year's Day
1917-01-15,MLK Day
1917-02-19,President's Day
1917-04-06,Good Friday
1917-05-28,Memorial Day
1917-07-04,Independence Day
1917-09-03,Labor Day
1917-11-22,Thanksgiving
1917-12-25,Christmas Day
1918-01-01,New Year's Day
1918-01-21,MLK Day
1918-02-18,President's Day
1918-03-29,Good Friday
1918-05-27,Memorial Day
1918-07-04,Independence Day
1918-09-02,Labor Day
1918-11-28,Thanksgiving
1918-12-25,Christmas Day
1919-01-01,New Year's Day
1919-01-20,MLK Day
1919-02-17,President's Day
1919-04-18,Good Friday
1919-05-26,Memorial Day
1919-07-04,Independence Day
1919-09-01,Labor Day
1919-11-27,Thanksgiving
1919-12-25,Christmas Day
1920-01-01,New Year's Day
1920-01-19,MLK Day
1920-02-16,President's Day
1920-04-02,Good Friday
1920-05-31,Memorial Day
1920-07-05,Independence Day
1920-09-06,Labor Day
1920-11-25,Thanksgiving
1920-12-24,Christmas Day
1920-12-31,New Year's Day
1921-01-17,MLK Day
1921-02-21,President's Day
1921-03-25,Good Friday
1921-05-30,Memorial Day
1921-07-04,Independence Day
1921-09-05,Labor Day
1921-11-24,Thanksgiving
1921-12-26,Christmas Day
1922-01-02,New Year's Day
1922-01-16,MLK Day
1922-02-20,President's Day
1922-04-14,Good Friday
1922-05-29,Memorial Day
1922-07-04,Independence Day
1922-09-04,Labor Day
1922-11-23,Thanksgiving
1922-12-25,Christmas Day
1923-01-01,New Year's Day
1923-01-15,MLK Day
1923-02-19,President's Day
1923-03-30,Good Friday
1923-05-28,Memorial Day
1923-07-04,Independence Day
1923-09-03,Labor Day
1923-11-22,Thanksgiving
1923-12-25,Christmas Day
1924-01-01,New Year's Day
1924-01-21,MLK Day
1924-02-18,President's Day
1924-04-18,Good Friday
1924-05-26,Memorial Day
1924-07-04,Independence Day
1924-09-01,Labor Day
1924-11-27,Thanksgiving
1924-12-25,Christmas Day
1925-01-01,New Year's Day
1925-01-19,MLK Day
1925-02-16,President's Day
1925-04-10,Good Friday
1925-05-25,Memorial Day
1925-07-03,Independence Day
1925-09-07,Labor Day
1925-11-26,Thanksgiving
1925-12-25,Christmas Day
1926-01-01,New Year's Day
1926-01-18,MLK Day
1926-02-15,President's Day
1926-04-02,Good Friday
1926-05-31,Memorial Day
1926-07-05,Independence Day
1926-09-06,Labor Day
1926-11-25,Thanksgiving
1926-12-24,Christmas Day
1926-12-31,New Year's Day
1927-01-17,MLK Day
1927-02-21,President's Day
1927-04-15,Good Friday
1927-05-30,Memorial Day
1927-07-04,Independence Day
1927-09-05,Labor Day
1927-11-24,Thanksgiving
1927-12-26,Christmas Day
1928-01-02,New Year's Day
1928-01-16,MLK Day
1928-02-20,President's Day
1928-04-06,Good Friday
1928-05-28,Memorial Day
1928-07-04,Independence Day
1928-09-03,Labor Day
1928-11-22,Thanksgiving
1928-12-25,Christmas Day
1929-01-01,New Year's Day
1929-01-21,MLK Day
1929-02-18,President's Day
1929-03-29,Good Friday
1929-05-27,Memorial Day
1929-07-04,Independence Day
1929-09-02,Labor Day
1929-11-28,Thanksgiving
1929-12-25,Christmas Day
1930-01-01,New Year's Day
1930-01-20,MLK Day
1930-02-17,President's Day
1930-04-18,Good Friday
1930-05-26,Memorial Day
1930-07-04,Independence Day
1930-09-01,Labor Day
1930-11-27,Thanksgiving
1930-12-25,Christmas Day
1931-01-01,New Year's Day
1931-01-19,MLK Day
1931-02-16,President's Day
1931-04-03,Good Friday
1931-05-25,Memorial Day
1931-07-03,Independence Day
1931-09-07,Labor Day
1931-11-26,Thanksgiving
1931-12-25,Christmas Day
1932-01-01,New Year's Day
1932-01-18,MLK Day
1932-02-15,President's Day
1932-03-25,Good Friday
1932-05-30,Memorial Day
1932-07-04,Independence Day
1932-09-05,Labor Day
1932-11-24,Thanksgiving
1932-12-26,Christmas Day
1933-01-02,New Year's Day
1933-01-16,MLK Day
1933-02-20,President's Day
1933-04-14,Good Friday
1933-05-29,Memorial Day
1933-07-04,Independence Day
1933-09-04,Labor Day
1933-11-23,Thanksgiving
1933-12-25,Christmas Day
1934-01-01,New Year's Day
1934-01-15,MLK Day
1934-02-19,President's Day
1934-03-30,Good Friday
1934-05-28,Memorial Day
1934-07-04,Independence Day
1934-09-03,Labor Day
1934-11-22,Thanksgiving
1934-12-25,Christmas Day
1935-01-01,New Year's Day
1935-01-21,MLK Day
1935-02-18,President's Day
1935-04-19,Good Friday
1935-05-27,Memorial Day
1935-07-04,Independence Day
1935-09-02,Labor Day
1935-11-28,Thanksgiving
1935-12-25,Christmas Day
1936-01-01,New Year's Day
1936-01-20,MLK Day
1936-02-17,President's Day
1936-04-10,Good Friday
1936-05-25,Memorial Day
1936-07-03,Independence Day
1936-09-07,Labor Day
1936-11-26,Thanksgiving
1936-12-25,Christmas Day
1937-01-01,New Year's Day
1937-01-18,MLK Day
1937-02-15,President's Day
1937-03-26,Good Friday
1937-05-31,Memorial Day
1937-07-05,Independence Day
1937-09-06,Labor Day
1937-11-25,Thanksgiving
1937-12-24,Christmas Day
1937-12-31,New Year's Day
1938-01-17,MLK Day
1938-02-21,President's Day
1938-04-15,Good Friday
1938-05-30,Memorial Day
1938-07-04,Independence Day
1938-09-05,Labor Day
1938-11-24,Thanksgiving
1938-12-26,Christmas Day
1939-01-02,New Year's Day
1939-01-16,MLK Day
1939-02-20,President's Day
1939-04-07,Good Friday
1939-05-29,Memorial Day
1939-07-04,Independence Day
1939-09-04,Labor Day
1939-11-23,Thanksgiving
1939-12-25,Christmas Day
1940-01-01,New Year's Day
1940-01-15,MLK Day
1940-02-19,President's Day
1940-03-22,Good Friday
1940-05-27,Memorial Day
1940-07-04,Independence Day
1940-09-02,Labor Day
1940-11-28,Thanksgiving
1940-12-25,Christmas Day
1941-01-01,New Year's Day
1941-01-20,MLK Day
1941-02-17,President's Day
1941-04-11,Good Friday
1941-05-26,Memorial Day
1941-07-04,Independence Day
1941-09-01,Labor Day
1941-11-27,Thanksgiving
1941-12-25,Christmas Day
1942-01-01,New Year's Day
1942-01-19,MLK Day
1942-02-16,President's Day
1942-04-03,Good Friday
1942-05-25,Memorial Day
1942-07-03,Independence Day
1942-09-07,Labor Day
1942-11-26,Thanksgiving
1942-12-25,Christmas Day
1943-01-01,New Year's Day
1943-01-18,MLK Day
1943-02-15,President's Day
1943-04-23,Good Friday
1943-05-31,Memorial Day
1943-07-05,Independence Day
1943-09-06,Labor Day
1943-11-25,Thanksgiving
1943-12-24,Christmas Day
1943-12-31,New Year's Day
1944-01-17,MLK Day
1944-02-21,President's Day
1944-04-07,Good Friday
1944-05-29,Memorial Day
1944-07-04,Independence Day
1944-09-04,Labor Day
1944-11-23,Thanksgiving
1944-12-25,Christmas Day
1945-01-01,New Year's Day
1945-01-15,MLK Day
1945-02-19,President's Day
1945-03-30,Good Friday
1945-05-28,Memorial Day
1945-07-04,Independence Day
1945-09-03,Labor Day
1945-11-22,Thanksgiving
1945-12-25,Christmas Day
1946-01-01,New Year's Day
1946-01-21,MLK Day
1946-02-18,President's Day
1946-04-19,Good Friday
1946-05-27,Memorial Day
1946-07-04,Independence Day
1946-09-02,Labor Day
1946-11-28,Thanksgiving
1946-12-25,Christmas Day
1947-01-01,New Year's Day
1947-01-20,MLK Day
1947-02-17,President's Day
1947-04-04,Good Friday
1947-05-26,Memorial Day
1947-07-04,Independence Day
1947-09-01,Labor Day
1947-11-27,Thanksgiving
1947-12-25,Christmas Day
1948-01-01,New Year's Day
1948-01-19,MLK Day
1948-02-16,President's Day
1948-03-26,Good Friday
1948-05-31,Memorial Day
1948-07-05,Independence Day
1948-09-06,Labor Day
1948-11-25,Thanksgiving
1948-12-24,Christmas Day
1948-12-31,New Year's Day
1949-01-17,MLK Day
1949-02-21,President's Day
1949-04-15,Good Friday
1949-05-30,Memorial Day
1949-07-04,Independence Day
1949-09-05,Labor Day
1949-11-24,Thanksgiving
1949-12-26,Christmas Day
1950-01-02,New Year's Day
1950-01-16,MLK Day
1950-02-20,President's Day
1950-04-07,Good Friday
1950-05-29,Memorial Day
1950-07-04,Independence Day
1950-09-04,Labor Day
1950-11-23,Thanksgiving
1950-12-25,Christmas Day
1951-01-01,New Year's Day
1951-01-15,MLK Day
1951-02-19,President's Day
1951-03-23,Good Friday
1951-05-28,Memorial Day
1951-07-04,Independence Day
1951-09-03,Labor Day
1951-11-22,Thanksgiving
1951-12-25,Christmas Day
1952-01-01,New Year's Day
1952-01-21,MLK Day
1952-02-18,President's Day
1952-04-11,Good Friday
1952-05-26,Memorial Day
1952-07-04,Independence Day
1952-09-01,Labor Day
1952-11-27,Thanksgiving
1952-12-25,Christmas Day
1953-01-01,New Year's Day
1953-01-19,MLK Day
1953-02-16,President's Day
1953-04-03,Good Friday
1953-05-25,Memorial Day
1953-07-03,Independence Day
1953-09-07,Labor Day
1953-11-26,Thanksgiving
1953-12-25,Christmas Day
1954-01-01,New Year's Day
1954-01-18,MLK Day
1954-02-15,President's Day
1954-04-16,Good Friday
1954-05-31,Memorial Day
1954-07-05,Independence Day
1954-09-06,Labor Day
1954-11-25,Thanksgiving
1954-12-24,Christmas Day
1954-12-31,New Year's Day
1955-01-17,MLK Day
1955-02-21,President's Day
1955-04-08,Good Friday
1955-05-30,Memorial Day
1955-07-04,Independence Day
1955-09-05,Labor Day
1955-11-24,Thanksgiving
1955-12-26,Christmas Day
1956-01-02,New Year's Day
1956-01-16,MLK Day
1956-02-20,President's Day
1956-03-30,Good Friday
1956-05-28,Memorial Day
1956-07-04,Independence Day
1956-09-03,Labor Day
1956-11-22,Thanksgiving
1956-12-25,Christmas Day
1957-01-01,New Year's Day
1957-01-21,MLK Day
1957-02-18,President's Day
1957-04-19,Good Friday
1957-05-27,Memorial Day
1957-07-04,Independence Day
1957-09-02,Labor Day
1957-11-28,Thanksgiving
1957-12-25,Christmas Day
1958-01-01,New Year's Day
1958-01-20,MLK Day
1958-02-17,President's Day
1958-04-04,Good Friday
1958-05-26,Memorial Day
1958-07-04,Independence Day
1958-09-01,Labor Day
1958-11-27,Thanksgiving
1958-12-25,Christmas Day
1959-01-01,New Year's Day
1959-01-19,MLK Day
1959-02-16,President's Day
1959-03-27,Good Friday
1959-05-25,Memorial Day
1959-07-03,Independence Day
1959-09-07,Labor Day
1959-11-26,Thanksgiving
1959-12-25,Christmas Day
1960-01-01,New Year's Day
1960-01-18,MLK Day
1960-02-15,President's Day
1960-04-15,Good Friday
1960-05-30,Memorial Day
1960-07-04,Independence Day
1960-09-05,Labor Day
1960-11-24,Thanksgiving
1960-12-26,Christmas Day
1961-01-02,New Year's Day
1961-01-16,MLK Day
1961-02-20,President's Day
1961-03-31,Good Friday
1961-05-29,Memorial Day
1961-07-04,Independence Day
1961-09-04,Labor Day
1961-11-23,Thanksgiving
1961-12-25,Christmas Day
1962-01-01,New Year's Day
1962-01-15,MLK Day
1962-02-19,President's Day
1962-04-20,Good Friday
1962-05-28,Memorial Day
1962-07-04,Independence Day
1962-09-03,Labor Day
1962-11-22,Thanksgiving
1962-12-25,Christmas Day
1963-01-01,New Year's Day
1963-01-21,MLK Day
1963-02-18,President's Day
1963-04-12,Good Friday
1963-05-27,Memorial Day
1963-07-04,Independence Day
1963-09-02,Labor Day
1963-11-28,Thanksgiving
1963-12-25,Christmas Day
1964-01-01,New Year's Day
1964-01-20,MLK Day
1964-02-17,President's Day
1964-03-27,Good Friday
1964-05-25,Memorial Day
1964-07-03,Independence Day
1964-09-07,Labor Day
1964-11-26,Thanksgiving
1964-12-25,Christmas Day
1965-01-01,New Year's Day
1965-01-18,MLK Day
1965-02-15,President's Day
1965-04-16,Good Friday
1965-05-31,Memorial Day
1965-07-05,Independence Day
1965-09-06,Labor Day
1965-11-25,Thanksgiving
1965-12-24,Christmas Day
1965-12-31,New Year's Day
1966-01-17,MLK Day
1966-02-21,President's Day
1966-04-08,Good Friday
1966-05-30,Memorial Day
1966-07-04,Independence Day
1966-09-05,Labor Day
1966-11-24,Thanksgiving
1966-12-26,Christmas Day
1967-01-02,New Year's Day
1967-01-16,MLK Day
1967-02-20,President's Day
1967-03-24,Good Friday
1967-05-29,Memorial Day
1967-07-04,Independence Day
1967-09-04,Labor Day
1967-11-23,Thanksgiving
1967-12-25,Christmas Day
1968-01-01,New Year's Day
1968-01-15,MLK Day
1968-02-19,President's Day
1968-04-12,Good Friday
1968-05-27,Memorial Day
1968-07-04,Independence Day
1968-09-02,Labor Day
1968-11-28,Thanksgiving
1968-12-25,Christmas Day
1969-01-01,New Year's Day
1969-01-20,MLK Day
1969-02-17,President's Day
1969-04-04,Good Friday
1969-05-26,Memorial Day
1969-07-04,Independence Day
1969-09-01,Labor Day
1969-11-27,Thanksgiving
1969-12-25,Christmas Day
1970-01-01,New Year's Day
1970-01-19,MLK Day
1970-02-16,President's Day
1970-03-27,Good Friday
1970-05-25,Memorial Day
1970-07-03,Independence Day
1970-09-07,Labor Day
1970-11-26,Thanksgiving
1970-12-25,Christmas Day
1971-01-01,New Year's Day
1971-01-18,MLK Day
1971-02-15,President's Day
1971-04-09,Good Friday
1971-05-31,Memorial Day
1971-07-05,Independence Day
1971-09-06,Labor Day
1971-11-25,Thanksgiving
1971-12-24,Christmas Day
1971-12-31,New Year's Day
1972-01-17,MLK Day
1972-02-21,President's Day
1972-03-31,Good Friday
1972-05-29,Memorial Day
1972-07-04,Independence Day
1972-09-04,Labor Day
1972-11-23,Thanksgiving
1972-12-25,Christmas Day
1973-01-01,New Year's Day
1973-01-15,MLK Day
1973-02-19,President's Day
1973-04-20,Good Friday
1973-05-28,Memorial Day
1973-07-04,Independence Day
1973-09-03,Labor Day
1973-11-22,Thanksgiving
1973-12-25,Christmas Day
1974-01-01,New Year's Day
1974-01-21,MLK Day
1974-02-18,President's Day
1974-04-12,Good Friday
1974-05-27,Memorial Day
1974-07-04,Independence Day
1974-09-02,Labor Day
1974-11-28,Thanksgiving
1974-12-25,Christmas Day
1975-01-01,New Year's Day
1975-01-20,MLK Day
1975-02-17,President's Day
1975-03-28,Good Friday
1975-05-26,Memorial Day
1975-07-04,Independence Day
1975-09-01,Labor Day
1975-11-27,Thanksgiving
1975-12-25,Christmas Day
1976-01-01,New Year's Day
1976-01-19,MLK Day
1976-02-16,President's Day
1976-04-16,Good Friday
1976-05-31,Memorial Day
1976-07-05,Independence Day
1976-09-06,Labor Day
1976-11-25,Thanksgiving
1976-12-24,Christmas Day
1976-12-31,New Year's Day
1977-01-17,MLK Day
1977-02-21,President's Day
1977-04-08,Good Friday
1977-05-30,Memorial Day
1977-07-04,Independence Day
1977-09-05,Labor Day
1977-11-24,Thanksgiving
1977-12-26,Christmas Day
1978-01-02,New Year's Day
1978-01-16,MLK Day
1978-02-20,President's Day
1978-03-24,Good Friday
1978-05-29,Memorial Day
1978-07-04,Independence Day
1978-09-04,Labor Day
1978-11-23,Thanksgiving
1978-12-25,Christmas Day
1979-01-01,New Year's Day
1979-01-15,MLK Day
1979-02-19,President's Day
1979-04-13,Good Friday
1979-05-28,Memorial Day
1979-07-04,Independence Day
1979-09-03,Labor Day
1979-11-22,Thanksgiving
1979-12-25,Christmas Day
1980-01-01,New Year's Day
1980-01-21,MLK Day
1980-02-18,President's Day
1980-04-04,Good Friday
1980-05-26,Memorial Day
1980-07-04,Independence Day
1980-09-01,Labor Day
1980-11-27,Thanksgiving
1980-12-25,Christmas Day
1981-01-01,New Year's Day
1981-01-19,MLK Day
1981-02-16,President's Day
1981-04-17,Good Friday
1981-05-25,Memorial Day
1981-07-03,Independence Day
1981-09-07,Labor Day
1981-11-26,Thanksgiving
1981-12-25,Christmas Day
1982-01-01,New Year's Day
1982-01-18,MLK Day
1982-02-15,President's Day
1982-04-09,Good Friday
1982-05-31,Memorial Day
1982-07-05,Independence Day
1982-09-06,Labor Day
1982-11-25,Thanksgiving
1982-12-24,Christmas Day
1982-12-31,New Year's Day
1983-01-17,MLK Day
1983-02-21,President's Day
1983-04-01,Good Friday
1983-05-30,Memorial Day
1983-07-04,Independence Day
1983-09-05,Labor Day
1983-11-24,Thanksgiving
1983-12-26,Christmas Day
1984-01-02,New Year's Day
1984-01-16,MLK Day
1984-02-20,President's Day
1984-04-20,Good Friday
1984-05-28,Memorial Day
1984-07-04,Independence Day
1984-09-03,Labor Day
1984-11-22,Thanksgiving
1984-12-25,Christmas Day
1985-01-01,New Year's Day
1985-01-21,MLK Day
1985-02-18,President's Day
1985-04-05,Good Friday
1985-05-27,Memorial Day
1985-07-04,Independence Day
1985-09-02,Labor Day
1985-11-28,Thanksgiving
1985-12-25,Christmas Day
1986-01-01,New Year's Day
1986-01-20,MLK Day
1986-02-17,President's Day
1986-03-28,Good Friday
1986-05-26,Memorial Day
1986-07-04,Independence Day
1986-09-01,Labor Day
1986-11-27,Thanksgiving
1986-12-25,Christmas Day
1987-01-01,New Year's Day
1987-01-19,MLK Day
1987-02-16,President's Day
1987-04-17,Good Friday
1987-05-25,Memorial Day
1987-07-03,Independence Day
1987-09-07,Labor Day
1987-11-26,Thanksgiving
1987-12-25,Christmas Day
1988-01-01,New Year's Day
1988-01-18,MLK Day
1988-02-15,President's Day
1988-04-01,Good Friday
1988-05-30,Memorial Day
1988-07-04,Independence Day
1988-09-05,Labor Day
1988-11-24,Thanksgiving
1988-12-26,Christmas Day
1989-01-02,New Year's Day
1989-01-16,MLK Day
1989-02-20,President's Day
1989-03-24,Good Friday
1989-05-29,Memorial Day
1989-07-04,Independence Day
1989-09-04,Labor Day
1989-11-23,Thanksgiving
1989-12-25,Christmas Day
1990-01-01,New Year's Day
1990-01-15,MLK Day
1990-02-19,President's Day
1990-04-13,Good Friday
1990-05-28,Memorial Day
1990-07-04,Independence Day
1990-09-03,Labor Day
1990-11-22,Thanksgiving
1990-12-25,Christmas Day
1991-01-01,New Year's Day
1991-01-21,MLK Day
1991-02-18,President's Day
1991-03-29,Good Friday
1991-05-27,Memorial Day
1991-07-04,Independence Day
1991-09-02,Labor Day
1991-11-28,Thanksgiving
1991-12-25,Christmas Day
1992-01-01,New Year's Day
1992-01-20,MLK Day
1992-02-17,President's Day
1992-04-17,Good Friday
1992-05-25,Memorial Day
1992-07-03,Independence Day
1992-09-07,Labor Day
1992-11-26,Thanksgiving
1992-12-25,Christmas Day
1993-01-01,New Year's Day
1993-01-18,MLK Day
1993-02-15,President's Day
1993-04-09,Good Friday
1993-05-31,Memorial Day
1993-07-05,Independence Day
1993-09-06,Labor Day
1993-11-25,Thanksgiving
1993-12-24,Christmas Day
1993-12-31,New Year's Day
1994-01-17,MLK Day
1994-02-21,President's Day
1994-04-01,Good Friday
1994-05-30,Memorial Day
1994-07-04,Independence Day
1994-09-05,Labor Day
1994-11-24,Thanksgiving
1994-12-26,Christmas Day
1995-01-02,New Year's Day
1995-01-16,MLK Day
1995-02-20,President's Day
1995-04-14,Good Friday
1995-05-29,Memorial Day
1995-07-04,Independence Day
1995-09-04,Labor Day
1995-11-23,Thanksgiving
1995-12-25,Christmas Day
1996-01-01,New Year's Day
1996-01-15,MLK Day
1996-02-19,President's Day
1996-04-05,Good Friday
1996-05-27,Memorial Day
1996-07-04,Independence Day
1996-09-02,Labor Day
1996-11-28,Thanksgiving
1996-12-25,Christmas Day
1997-01-01,New Year's Day
1997-01-20,MLK Day
1997-02-17,President's Day
1997-03-28,Good Friday
1997-05-26,Memorial Day
1997-07-04,Independence Day
1997-09-01,Labor Day
1997-11-27,Thanksgiving
1997-12-25,Christmas Day
1998-01-01,New Year's Day
1998-01-19,MLK Day
1998-02-16,President's Day
1998-04-10,Good Friday
1998-05-25,Memorial Day
1998-07-03,Independence Day
1998-09-07,Labor Day
1998-11-26,Thanksgiving
1998-12-25,Christmas Day
1999-01-01,New Year's Day
1999-01-18,MLK Day
1999-02-15,President's Day
1999-04-02,Good Friday
1999-05-31,Memorial Day
1999-07-05,Independence Day
1999-09-06,Labor Day
1999-11-25,Thanksgiving
1999-12-24,Christmas Day
1999-12-31,New Year's Day
2000-01-17,MLK Day
2000-02-21,President's Day
2000-04-21,Good Friday
2000-05-29,Memorial Day
2000-07-04,Independence Day
2000-09-04,Labor Day
2000-11-23,Thanksgiving
2000-12-25,Christmas Day
2001-01-01,New Year's Day
2001-01-15,MLK Day
2001-02-19,President's Day
2001-04-13,Good Friday
2001-05-28,Memorial Day
2001-07-04,Independence Day
2001-09-03,Labor Day
2001-11-22,Thanksgiving
2001-12-25,Christmas Day
2002-01-01,New Year's Day
2002-01-21,MLK Day
2002-02-18,President's Day
2002-03-29,Good Friday
2002-05-27,Memorial Day
2002-07-04,Independence Day
2002-09-02,Labor Day
2002-11-28,Thanksgiving
2002-12-25,Christmas Day
2003-01-01,New Year's Day
2003-01-20,MLK Day
2003-02-17,President's Day
2003-04-18,Good Friday
2003-05-26,Memorial Day
2003-07-04,Independence Day
2003-09-01,Labor Day
2003-11-27,Thanksgiving
2003-12-25,Christmas Day
2004-01-01,New Year's Day
2004-01-19,MLK Day
2004-02-16,President's Day
2004-04-09,Good Friday
2004-05-31,Memorial Day
2004-07-05,Independence Day
2004-09-06,Labor Day
2004-11-25,Thanksgiving
2004-12-24,Christmas Day
2004-12-31,New Year's Day
2005-01-17,MLK Day
2005-02-21,President's Day
2005-03-25,Good Friday
2005-05-30,Memorial Day
2005-07-04,Independence Day
2005-09-05,Labor Day
2005-11-24,Thanksgiving
2005-12-26,Christmas Day
2006-01-02,New Year's Day
2006-01-16,MLK Day
2006-02-20,President's Day
2006-04-14,Good Friday
2006-05-29,Memorial Day
2006-07-04,Independence Day
2006-09-04,Labor Day
2006-11-23,Thanksgiving
2006-12-25,Christmas Day
2007-01-01,New Year's Day
2007-01-15,MLK Day
2007-02-19,President's Day
2007-04-06,Good Friday
2007-05-28,Memorial Day
2007-07-04,Independence Day
2007-09-03,Labor Day
2007-11-22,Thanksgiving
2007-12-25,Christmas Day
2008-01-01,New Year's Day
2008-01-21,MLK Day
2008-02-18,President's Day
2008-03-21,Good Friday
2008-05-26,Memorial Day
2008-07-04,Independence Day
2008-09-01,Labor Day
2008-11-27,Thanksgiving
2008-12-25,Christmas Day
2009-01-01,New Year's Day
2009-01-19,MLK Day
2009-02-16,President's Day
2009-04-10,Good Friday
2009-05-25,Memorial Day
2009-07-03,Independence Day
2009-09-07,Labor Day
2009-11-26,Thanksgiving
2009-12-25,Christmas Day
2010-01-01,New Year's Day
2010-01-18,MLK Day
2010-02-15,President's Day
2010-04-02,Good Friday
2010-05-31,Memorial Day
2010-07-05,Independence Day
2010-09-06,Labor Day
2010-11-25,Thanksgiving
2010-12-24,Christmas Day
2010-12-31,New Year's Day
2011-01-17,MLK Day
2011-02-21,President's Day
2011-04-22,Good Friday
2011-05-30,Memorial Day
2011-07-04,Independence Day
2011-09-05,Labor Day
2011-11-24,Thanksgiving
2011-12-26,Christmas Day
2012-01-02,New Year's Day
2012-01-16,MLK Day
2012-02-20,President's Day
2012-04-06,Good Friday
2012-05-28,Memorial Day
2012-07-04,Independence Day
2012-09-03,Labor Day
2012-11-22,Thanksgiving
2012-12-25,Christmas Day
2013-01-01,New Year's Day
2013-01-21,MLK Day
2013-02-18,President's Day
2013-03-29,Good Friday
2013-05-27,Memorial Day
2013-07-04,Independence Day
2013-09-02,Labor Day
2013-11-28,Thanksgiving
2013-12-25,Christmas Day
2014-01-01,New Year's Day
2014-01-20,MLK Day
2014-02-17,President's Day
2014-04-18,Good Friday
2014-05-26,Memorial Day
2014-07-04,Independence Day
2014-09-01,Labor Day
2014-11-27,Thanksgiving
2014-12-25,Christmas Day
2015-01-01,New Year's Day
2015-01-19,MLK Day
2015-02-16,President's Day
2015-04-03,Good Friday
2015-05-25,Memorial Day
2015-07-03,Independence Day
2015-09-07,Labor Day
2015-11-26,Thanksgiving
2015-12-25,Christmas Day
2016-01-01,New Year's Day
2016-01-18,MLK Day
2016-02-15,President's Day
2016-03-25,Good Friday
2016-05-30,Memorial Day
2016-07-04,Independence Day
2016-09-05,Labor Day
2016-11-24,Thanksgiving
2016-12-26,Christmas Day
2017-01-02,New Year's Day
2017-01-16,MLK Day
2017-02-20,President's Day
2017-04-14,Good Friday
2017-05-29,Memorial Day
2017-07-04,Independence Day
2017-09-04,Labor Day
2017-11-23,Thanksgiving
2017-12-25,Christmas Day
2018-01-01,New Year's Day
2018-01-15,MLK Day
2018-02-19,President's Day
2018-03-30,Good Friday
2018-05-28,Memorial Day
2018-07-04,Independence Day
2018-09-03,Labor Day
2018-11-22,Thanksgiving
2018-12-25,Christmas Day
2019-01-01,New Year's Day
2019-01-21,MLK Day
2019-02-18,President's Day
2019-04-19,Good Friday
2019-05-27,Memorial Day
2019-07-04,Independence Day
2019-09-02,Labor Day
2019-11-28,Thanksgiving
2019-12-25,Christmas Day
2020-01-01,New Year's Day
2020-01-20,MLK Day
2020-02-17,President's Day
2020-04-10,Good Friday
2020-05-25,Memorial Day
2020-07-03,Independence Day
2020-09-07,Labor Day
2020-11-26,Thanksgiving
2020-12-25,Christmas Day
2021-01-01,New Year's Day
2021-01-18,MLK Day
2021-02-15,President's Day
2021-04-02,Good Friday
2021-05-31,Memorial Day
2021-07-05,Independence Day
2021-09-06,Labor Day
2021-11-25,Thanksgiving
2021-12-24,Christmas Day
2021-12-31,New Year's Day
2022-01-17,MLK Day
2022-02-21,President's Day
2022-04-15,Good Friday
2022-05-30,Memorial Day
2022-07-04,Independence Day
2022-09-05,Labor Day
2022-11-24,Thanksgiving
2022-12-26,Christmas Day
2023-01-02,New Year's Day
2023-01-16,MLK Day
2023-02-20,President's Day
2023-04-07,Good Friday
2023-05-29,Memorial Day
2023-07-04,Independence Day
2023-09-04,Labor Day
2023-11-23,Thanksgiving
2023-12-25,Christmas Day
2024-01-01,New Year's Day
2024-01-15,MLK Day
2024-02-19,President's Day
2024-03-29,Good Friday
2024-05-27,Memorial Day
2024-07-04,Independence Day
2024-09-02,Labor Day
2024-11-28,Thanksgiving
2024-12-25,Christmas Day
2025-01-01,New Year's Day
2025-01-20,MLK Day
2025-02-17,President's Day
2025-04-18,Good Friday
2025-05-26,Memorial Day
2025-07-04,Independence Day
2025-09-01,Labor Day
2025-11-27,Thanksgiving
2025-12-25,Christmas Day
2026-01-01,New Year's Day
2026-01-19,MLK Day
2026-02-16,President's Day
2026-04-03,Good Friday
2026-05-25,Memorial Day
2026-07-03,Independence Day
2026-09-07,Labor Day
2026-11-26,Thanksgiving
2026-12-25,Christmas Day
2027-01-01,New Year's Day
2027-01-18,MLK Day
2027-02-15,President's Day
2027-03-26,Good Friday
2027-05-31,Memorial Day
2027-07-05,Independence Day
2027-09-06,Labor Day
2027-11-25,Thanksgiving
2027-12-24,Christmas Day
2027-12-31,New Year's Day
2028-01-17,MLK Day
2028-02-21,President's Day
2028-04-14,Good Friday
2028-05-29,Memorial Day
2028-07-04,Independence Day
2028-09-04,Labor Day
2028-11-23,Thanksgiving
2028-12-25,Christmas Day
2029-01-01,New Year's Day
2029-01-15,MLK Day
2029-02-19,President's Day
2029-03-30,Good Friday
2029-05-28,Memorial Day
2029-07-04,Independence Day
2029-09-03,Labor Day
2029-11-22,Thanksgiving
2029-12-25,Christmas Day
2030-01-01,New Year's Day
2030-01-21,MLK Day
2030-02-18,President's Day
2030-04-19,Good Friday
2030-05-27,Memorial Day
2030-07-04,Independence Day
2030-09-02,Labor Day
2030-11-28,Thanksgiving
2030-12-25,Christmas Day
2031-01-01,New Year's Day
2031-01-20,MLK Day
2031-02-17,President's Day
2031-04-11,Good Friday
2031-05-26,Memorial Day
2031-07-04,Independence Day
2031-09-01,Labor Day
2031-11-27,Thanksgiving
2031-12-25,Christmas Day
2032-01-01,New Year's Day
2032-01-19,MLK Day
2032-02-16,President's Day
2032-03-26,Good Friday
2032-05-31,Memorial Day
2032-07-05,Independence Day
2032-09-06,Labor Day
2032-11-25,Thanksgiving
2032-12-24,Christmas Day
2032-12-31,New Year's Day
2033-01-17,MLK Day
2033-02-21,President's Day
2033-04-15,Good Friday
2033-05-30,Memorial Day
2033-07-04,Independence Day
2033-09-05,Labor Day
2033-11-24,Thanksgiving
2033-12-26,Christmas Day
2034-01-02,New Year's Day
2034-01-16,MLK Day
2034-02-20,President's Day
2034-04-07,Good Friday
2034-05-29,Memorial Day
2034-07-04,Independence Day
2034-09-04,Labor Day
2034-11-23,Thanksgiving
2034-12-25,Christmas Day
2035-01-01,New Year's Day
2035-01-15,MLK Day
2035-02-19,President's Day
2035-03-23,Good Friday
2035-05-28,Memorial Day
2035-07-04,Independence Day
2035-09-03,Labor Day
2035-11-22,Thanksgiving
2035-12-25,Christmas Day
2036-01-01,New Year's Day
2036-01-21,MLK Day
2036-02-18,President's Day
2036-04-11,Good Friday
2036-05-26,Memorial Day
2036-07-04,Independence Day
2036-09-01,Labor Day
2036-11-27,Thanksgiving
2036-12-25,Christmas Day
2037-01-01,New Year's Day
2037-01-19,MLK Day
2037-02-16,President's Day
2037-04-03,Good Friday
2037-05-25,Memorial Day
2037-07-03,Independence Day
2037-09-07,Labor Day
2037-11-26,Thanksgiving
2037-12-25,Christmas Day
2038-01-01,New Year's Day
2038-01-18,MLK Day
2038-02-15,President's Day
2038-04-23,Good Friday
2038-05-31,Memorial Day
2038-07-05,Independence Day
2038-09-06,Labor Day
2038-11-25,Thanksgiving
2038-12-24,Christmas Day
2038-12-31,New Year's Day
2039-01-17,MLK Day
2039-02-21,President's Day
2039-04-08,Good Friday
2039-05-30,Memorial Day
2039-07-04,Independence Day
2039-09-05,Labor Day
2039-11-24,Thanksgiving
2039-12-26,Christmas Day
2040-01-02,New Year's Day
2040-01-16,MLK Day
2040-02-20,President's Day
2040-03-30,Good Friday
2040-05-28,Memorial Day
2040-07-04,Independence Day
2040-09-03,Labor Day
2040-11-22,Thanksgiving
2040-12-25,Christmas Day
2041-01-01,New Year's Day
2041-01-21,MLK Day
2041-02-18,President's Day
2041-04-19,Good Friday
2041-05-27,Memorial Day
2041-07-04,Independence Day
2041-09-02,Labor Day
2041-11-28,Thanksgiving
2041-12-25,Christmas Day
2042-01-01,New Year's Day
2042-01-20,MLK Day
2042-02-17,President's Day
2042-04-04,Good Friday
2042-05-26,Memorial Day
2042-07-04,Independence Day
2042-09-01,Labor Day
2042-11-27,Thanksgiving
2042-12-25,Christmas Day
2043-01-01,New Year's Day
2043-01-19,MLK Day
2043-02-16,President's Day
2043-03-27,Good Friday
2043-05-25,Memorial Day
2043-07-03,Independence Day
2043-09-07,Labor Day
2043-11-26,Thanksgiving
2043-12-25,Christmas Day
2044-01-01,New Year's Day
2044-01-18,MLK Day
2044-02-15,President's Day
2044-04-15,Good Friday
2044-05-30,Memorial Day
2044-07-04,Independence Day
2044-09-05,Labor Day
2044-11-24,Thanksgiving
2044-12-26,Christmas Day
2045-01-02,New Year's Day
2045-01-16,MLK Day
2045-02-20,President's Day
2045-04-07,Good Friday
2045-05-29,Memorial Day
2045-07-04,Independence Day
2045-09-04,Labor Day
2045-11-23,Thanksgiving
2045-12-25,Christmas Day
2046-01-01,New Year's Day
2046-01-15,MLK Day
2046-02-19,President's Day
2046-03-23,Good Friday
2046-05-28,Memorial Day
2046-07-04,Independence Day
2046-09-03,Labor Day
2046-11-22,Thanksgiving
2046-12-25,Christmas Day
2047-01-01,New Year's Day
2047-01-21,MLK Day
2047-02-18,President's Day
2047-04-12,Good Friday
2047-05-27,Memorial Day
2047-07-04,Independence Day
2047-09-02,Labor Day
2047-11-28,Thanksgiving
2047-12-25,Christmas Day
2048-01-01,New Year's Day
2048-01-20,MLK Day
2048-02-17,President's Day
2048-04-03,Good Friday
2048-05-25,Memorial Day
2048-07-03,Independence Day
2048-09-07,Labor Day
2048-11-26,Thanksgiving
2048-12-25,Christmas Day
2049-01-01,New Year's Day
2049-01-18,MLK Day
2049-02-15,President's Day
2049-04-16,Good Friday
2049-05-31,Memorial Day
2049-07-05,Independence Day
2049-09-06,Labor Day
2049-11-25,Thanksgiving
2049-12-24,Christmas Day
2049-12-31,New Year's Day
2050-01-17,MLK Day
2050-02-21,President's Day
2050-04-08,Good Friday
2050-05-30,Memorial Day
2050-07-04,Independence Day
2050-09-05,Labor Day
2050-11-24,Thanksgiving
2050-12-26,Christmas Day
2051-01-02,New Year's Day
2051-01-16,MLK Day
2051-02-20,President's Day
2051-03-31,Good Friday
2051-05-29,Memorial Day
2051-07-04,Independence Day
2051-09-04,Labor Day
2051-11-23,Thanksgiving
2051-12-25,Christmas Day
2052-01-01,New Year's Day
2052-01-15,MLK Day
2052-02-19,President's Day
2052-04-19,Good Friday
2052-05-27,Memorial Day
2052-07-04,Independence Day
2052-09-02,Labor Day
2052-11-28,Thanksgiving
2052-12-25,Christmas Day
2053-01-01,New Year's Day
2053-01-20,MLK Day
2053-02-17,President's Day
2053-04-04,Good Friday
2053-05-26,Memorial Day
2053-07-04,Independence Day
2053-09-01,Labor Day
2053-11-27,Thanksgiving
2053-12-25,Christmas Day
2054-01-01,New Year's Day
2054-01-19,MLK Day
2054-02-16,President's Day
2054-03-27,Good Friday
2054-05-25,Memorial Day
2054-07-03,Independence Day
2054-09-07,Labor Day
2054-11-26,Thanksgiving
2054-12-25,Christmas Day
2055-01-01,New Year's Day
2055-01-18,MLK Day
2055-02-15,President's Day
2055-04-16,Good Friday
2055-05-31,Memorial Day
2055-07-05,Independence Day
2055-09-06,Labor Day
2055-11-25,Thanksgiving
2055-12-24,Christmas Day
2055-12-31,New Year's Day
2056-01-17,MLK Day
2056-02-21,President's Day
2056-03-31,Good Friday
2056-05-29,Memorial Day
2056-07-04,Independence Day
2056-09-04,Labor Day
2056-11-23,Thanksgiving
2056-12-25,Christmas Day
2057-01-01,New Year's Day
2057-01-15,MLK Day
2057-02-19,President's Day
2057-04-20,Good Friday
2057-05-28,Memorial Day
2057-07-04,Independence Day
2057-09-03,Labor Day
2057-11-22,Thanksgiving
2057-12-25,Christmas Day
2058-01-01,New Year's Day
2058-01-21,MLK Day
2058-02-18,President's Day
2058-04-12,Good Friday
2058-05-27,Memorial Day
2058-07-04,Independence Day
2058-09-02,Labor Day
2058-11-28,Thanksgiving
2058-12-25,Christmas Day
2059-01-01,New Year's Day
2059-01-20,MLK Day
2059-02-17,President's Day
2059-03-28,Good Friday
2059-05-26,Memorial Day
2059-07-04,Independence Day
2059-09-01,Labor Day
2059-11-27,Thanksgiving
2059-12-25,Christmas Day
2060-01-01,New Year's Day
2060-01-19,MLK Day
2060-02-16,President's Day
2060-04-16,Good Friday
2060-05-31,Memorial Day
2060-07-05,Independence Day
2060-09-06,Labor Day
2060-11-25,Thanksgiving
2060-12-24,Christmas Day
2060-12-31,New Year's Day
2061-01-17,MLK Day
2061-02-21,President's Day
2061-04-08,Good Friday
2061-05-30,Memorial Day
2061-07-04,Independence Day
2061-09-05,Labor Day
2061-11-24,Thanksgiving
2061-12-26,Christmas Day
2062-01-02,New Year's Day
2062-01-16,MLK Day
2062-02-20,President's Day
2062-03-24,Good Friday
2062-05-29,Memorial Day
2062-07-04,Independence Day
2062-09-04,Labor Day
2062-11-23,Thanksgiving
2062-12-25,Christmas Day
2063-01-01,New Year's Day
2063-01-15,MLK Day
2063-02-19,President's Day
2063-04-13,Good Friday
2063-05-28,Memorial Day
2063-07-04,Independence Day
2063-09-03,Labor Day
2063-11-22,Thanksgiving
2063-12-25,Christmas Day
2064-01-01,New Year's Day
2064-01-21,MLK Day
2064-02-18,President's Day
2064-04-04,Good Friday
2064-05-26,Memorial Day
2064-07-04,Independence Day
2064-09-01,Labor Day
2064-11-27,Thanksgiving
2064-12-25,Christmas Day
2065-01-01,New Year's Day
2065-01-19,MLK Day
2065-02-16,President's Day
2065-03-27,Good Friday
2065-05-25,Memorial Day
2065-07-03,Independence Day
2065-09-07,Labor Day
2065-11-26,Thanksgiving
2065-12-25,Christmas Day
2066-01-01,New Year's Day
2066-01-18,MLK Day
2066-02-15,President's Day
2066-04-09,Good Friday
2066-05-31,Memorial Day
2066-07-05,Independence Day
2066-09-06,Labor Day
2066-11-25,Thanksgiving
2066-12-24,Christmas Day
2066-12-31,New Year's Day
2067-01-17,MLK Day
2067-02-21,President's Day
2067-04-01,Good Friday
2067-05-30,Memorial Day
2067-07-04,Independence Day
2067-09-05,Labor Day
2067-11-24,Thanksgiving
2067-12-26,Christmas Day
2068-01-02,New Year's Day
2068-01-16,MLK Day
2068-02-20,President's Day
2068-04-20,Good Friday
2068-05-28,Memorial Day
2068-07-04,Independence Day
2068-09-03,Labor Day
2068-11-22,Thanksgiving
2068-12-25,Christmas Day
2069-01-01,New Year's Day
2069-01-21,MLK Day
2069-02-18,President's Day
2069-04-12,Good Friday
2069-05-27,Memorial Day
2069-07-04,Independence Day
2069-09-02,Labor Day
2069-11-28,Thanksgiving
2069-12-25,Christmas Day
2070-01-01,New Year's Day
2070-01-20,MLK Day
2070-02-17,President's Day
2070-03-28,Good Friday
2070-05-26,Memorial Day
2070-07-04,Independence Day
2070-09-01,Labor Day
2070-11-27,Thanksgiving
2070-12-25,Christmas Day
2071-01-01,New Year's Day
2071-01-19,MLK Day
2071-02-16,President's Day
2071-04-17,Good Friday
2071-05-25,Memorial Day
2071-07-03,Independence Day
2071-09-07,Labor Day
2071-11-26,Thanksgiving
2071-12-25,Christmas Day
2072-01-01,New Year's Day
2072-01-18,MLK Day
2072-02-15,President's Day
2072-04-08,Good Friday
2072-05-30,Memorial Day
2072-07-04,Independence Day
2072-09-05,Labor Day
2072-11-24,Thanksgiving
2072-12-26,Christmas Day
2073-01-02,New Year's Day
2073-01-16,MLK Day
2073-02-20,President's Day
2073-03-24,Good Friday
2073-05-29,Memorial Day
2073-07-04,Independence Day
2073-09-04,Labor Day
2073-11-23,Thanksgiving
2073-12-25,Christmas Day
2074-01-01,New Year's Day
2074-01-15,MLK Day
2074-02-19,President's Day
2074-04-13,Good Friday
2074-05-28,Memorial Day
2074-07-04,Independence Day
2074-09-03,Labor Day
2074-11-22,Thanksgiving
2074-12-25,Christmas Day
2075-01-01,New Year's Day
2075-01-21,MLK Day
2075-02-18,President's Day
2075-04-05,Good Friday
2075-05-27,Memorial Day
2075-07-04,Independence Day
2075-09-02,Labor Day
2075-11-28,Thanksgiving
2075-12-25,Christmas Day
2076-01-01,New Year's Day
2076-01-20,MLK Day
2076-02-17,President's Day
2076-04-17,Good Friday
2076-05-25,Memorial Day
2076-07-03,Independence Day
2076-09-07,Labor Day
2076-11-26,Thanksgiving
2076-12-25,Christmas Day
2077-01-01,New Year's Day
2077-01-18,MLK Day
2077-02-15,President's Day
2077-04-09,Good Friday
2077-05-31,Memorial Day
2077-07-05,Independence Day
2077-09-06,Labor Day
2077-11-25,Thanksgiving
2077-12-24,Christmas Day
2077-12-31,New Year's Day
2078-01-17,MLK Day
2078-02-21,President's Day
2078-04-01,Good Friday
2078-05-30,Memorial Day
2078-07-04,Independence Day
2078-09-05,Labor Day
2078-11-24,Thanksgiving
2078-12-26,Christmas Day
2079-01-02,New Year's Day
2079-01-16,MLK Day
2079-02-20,President's Day
2079-04-21,Good Friday
2079-05-29,Memorial Day
2079-07-04,Independence Day
2079-09-04,Labor Day
2079-11-23,Thanksgiving
2079-12-25,Christmas Day
2080-01-01,New Year's Day
2080-01-15,MLK Day
2080-02-19,President's Day
2080-04-05,Good Friday
2080-05-27,Memorial Day
2080-07-04,Independence Day
2080-09-02,Labor Day
2080-11-28,Thanksgiving
2080-12-25,Christmas Day
2081-01-01,New Year's Day
2081-01-20,MLK Day
2081-02-17,President's Day
2081-03-28,Good Friday
2081-05-26,Memorial Day
2081-07-04,Independence Day
2081-09-01,Labor Day
2081-11-27,Thanksgiving
2081-12-25,Christmas Day
2082-01-01,New Year's Day
2082-01-19,MLK Day
2082-02-16,President's Day
2082-04-17,Good Friday
2082-05-25,Memorial Day
2082-07-03,Independence Day
2082-09-07,Labor Day
2082-11-26,Thanksgiving
2082-12-25,Christmas Day
2083-01-01,New Year's Day
2083-01-18,MLK Day
2083-02-15,President's Day
2083-04-02,Good Friday
2083-05-31,Memorial Day
2083-07-05,Independence Day
2083-09-06,Labor Day
2083-11-25,Thanksgiving
2083-12-24,Christmas Day
2083-12-31,New Year's Day
2084-01-17,MLK Day
2084-02-21,President's Day
2084-03-24,Good Friday
2084-05-29,Memorial Day
2084-07-04,Independence Day
2084-09-04,Labor Day
2084-11-23,Thanksgiving
2084-12-25,Christmas Day
2085-01-01,New Year's Day
2085-01-15,MLK Day
2085-02-19,President's Day
2085-04-13,Good Friday
2085-05-28,Memorial Day
2085-07-04,Independence Day
2085-09-03,Labor Day
2085-11-22,Thanksgiving
2085-12-25,Christmas Day
2086-01-01,New Year's Day
2086-01-21,MLK Day
2086-02-18,President's Day
2086-03-29,Good Friday
2086-05-27,Memorial Day
2086-07-04,Independence Day
2086-09-02,Labor Day
2086-11-28,Thanksgiving
2086-12-25,Christmas Day
2087-01-01,New Year's Day
2087-01-20,MLK Day
2087-02-17,President's Day
2087-04-18,Good Friday
2087-05-26,Memorial Day
2087-07-04,Independence Day
2087-09-01,Labor Day
2087-11-27,Thanksgiving
2087-12-25,Christmas Day
2088-01-01,New Year's Day
2088-01-19,MLK Day
2088-02-16,President's Day
2088-04-09,Good Friday
2088-05-31,Memorial Day
2088-07-05,Independence Day
2088-09-06,Labor Day
2088-11-25,Thanksgiving
2088-12-24,Christmas Day
2088-12-31,New Year's Day
2089-01-17,MLK Day
2089-02-21,President's Day
2089-04-01,Good Friday
2089-05-30,Memorial Day
2089-07-04,Independence Day
2089-09-05,Labor Day
2089-11-24,Thanksgiving
2089-12-26,Christmas Day
2090-01-02,New Year's Day
2090-01-16,MLK Day
2090-02-20,President's Day
2090-04-14,Good Friday
2090-05-29,Memorial Day
2090-07-04,Independence Day
2090-09-04,Labor Day
2090-11-23,Thanksgiving
2090-12-25,Christmas Day
2091-01-01,New Year's Day
2091-01-15,MLK Day
2091-02-19,President's Day
2091-04-06,Good Friday
2091-05-28,Memorial Day
2091-07-04,Independence Day
2091-09-03,Labor Day
2091-11-22,Thanksgiving
2091-12-25,Christmas Day
2092-01-01,New Year's Day
2092-01-21,MLK Day
2092-02-18,President's Day
2092-03-28,Good Friday
2092-05-26,Memorial Day
2092-07-04,Independence Day
2092-09-01,Labor Day
2092-11-27,Thanksgiving
2092-12-25,Christmas Day
2093-01-01,New Year's Day
2093-01-19,MLK Day
2093-02-16,President's Day
2093-04-10,Good Friday
2093-05-25,Memorial Day
2093-07-03,Independence Day
2093-09-07,Labor Day
2093-11-26,Thanksgiving
2093-12-25,Christmas Day
2094-01-01,New Year's Day
2094-01-18,MLK Day
2094-02-15,President's Day
2094-04-02,Good Friday
2094-05-31,Memorial Day
2094-07-05,Independence Day
2094-09-06,Labor Day
2094-11-25,Thanksgiving
2094-12-24,Christmas Day
2094-12-31,New Year's Day
2095-01-17,MLK Day
2095-02-21,President's Day
2095-04-22,Good Friday
2095-05-30,Memorial Day
2095-07-04,Independence Day
2095-09-05,Labor Day
2095-11-24,Thanksgiving
2095-12-26,Christmas Day
2096-01-02,New Year's Day
2096-01-16,MLK Day
2096-02-20,President's Day
2096-04-13,Good Friday
2096-05-28,Memorial Day
2096-07-04,Independence Day
2096-09-03,Labor Day
2096-11-22,Thanksgiving
2096-12-25,Christmas Day
2097-01-01,New Year's Day
2097-01-21,MLK Day
2097-02-18,President's Day
2097-03-29,Good Friday
2097-05-27,Memorial Day
2097-07-04,Independence Day
2097-09-02,Labor Day
2097-11-28,Thanksgiving
2097-12-25,Christmas Day
2098-01-01,New Year's Day
2098-01-20,MLK Day
2098-02-17,President's Day
2098-04-18,Good Friday
2098-05-26,Memorial Day
2098-07-04,Independence Day
2098-09-01,Labor Day
2098-11-27,Thanksgiving
2098-12-25,Christmas Day
2099-01-01,New Year's Day
2099-01-19,MLK Day
2099-02-16,President's Day
2099-04-10,Good Friday
2099-05-25,Memorial Day
2099-07-03,Independence Day
2099-09-07,Labor Day
2099-11-26,Thanksgiving
2099-12-25,Christmas Day
2100-01-01,New Year's Day
2100-01-18,MLK Day
2100-02-15,President's Day
2100-03-26,Good Friday
2100-05-31,Memorial Day
2100-07-05,Independence Day
2100-09-06,Labor Day
2100-11-25,Thanksgiving
2100-12-24,Christmas Day
2100-12-31,New Year's Day
2101-01-17,MLK Day
2101-02-21,President's Day
2101-04-15,Good Friday
2101-05-30,Memorial Day
2101-07-04,Independence Day
2101-09-05,Labor Day
2101-11-24,Thanksgiving
2101-12-26,Christmas Day
2102-01-02,New Year's Day
2102-01-16,MLK Day
2102-02-20,President's Day
2102-04-07,Good Friday
2102-05-29,Memorial Day
2102-07-04,Independence Day
2102-09-04,Labor Day
2102-11-23,Thanksgiving
2102-12-25,Christmas Day
2103-01-01,New Year's Day
2103-01-15,MLK Day
2103-02-19,President's Day
2103-03-23,Good Friday
2103-05-28,Memorial Day
2103-07-04,Independence Day
2103-09-03,Labor Day
2103-11-22,Thanksgiving
2103-12-25,Christmas Day
2104-01-01,New Year's Day
2104-01-21,MLK Day
2104-02-18,President's Day
2104-04-11,Good Friday
2104-05-26,Memorial Day
2104-07-04,Independence Day
2104-09-01,Labor Day
2104-11-27,Thanksgiving
2104-12-25,Christmas Day
2105-01-01,New Year's Day
2105-01-19,MLK Day
2105-02-16,President's Day
2105-04-03,Good Friday
2105-05-25,Memorial Day
2105-07-03,Independence Day
2105-09-07,Labor Day
2105-11-26,Thanksgiving
2105-12-25,Christmas Day
2106-01-01,New Year's Day
2106-01-18,MLK Day
2106-02-15,President's Day
2106-04-16,Good Friday
2106-05-31,Memorial Day
2106-07-05,Independence Day
2106-09-06,Labor Day
2106-11-25,Thanksgiving
2106-12-24,Christmas Day
2106-12-31,New Year's Day
2107-01-17,MLK Day
2107-02-21,President's Day
2107-04-08,Good Friday
2107-05-30,Memorial Day
2107-07-04,Independence Day
2107-09-05,Labor Day
2107-11-24,Thanksgiving
2107-12-26,Christmas Day
2108-01-02,New Year's Day
2108-01-16,MLK Day
2108-02-20,President's Day
2108-03-30,Good Friday
2108-05-28,Memorial Day
2108-07-04,Independence Day
2108-09-03,Labor Day
2108-11-22,Thanksgiving
2108-12-25,Christmas Day
2109-01-01,New Year's Day
2109-01-21,MLK Day
2109-02-18,President's Day
2109-04-19,Good Friday
2109-05-27,Memorial Day
2109-07-04,Independence Day
2109-09-02,Labor Day
2109-11-28,Thanksgiving
2109-12-25,Christmas Day
2110-01-01,New Year's Day
2110-01-20,MLK Day
2110-02-17,President's Day
2110-04-04,Good Friday
2110-05-26,Memorial Day
2110-07-04,Independence Day
2110-09-01,Labor Day
2110-11-27,Thanksgiving
2110-12-25,Christmas Day
2111-01-01,New Year's Day
2111-01-19,MLK Day
2111-02-16,President's Day
2111-03-27,Good Friday
2111-05-25,Memorial Day
2111-07-03,Independence Day
2111-09-07,Labor Day
2111-11-26,Thanksgiving
2111-12-25,Christmas Day
2112-01-01,New Year's Day
2112-01-18,MLK Day
2112-02-15,President's Day
2112-04-15,Good Friday
2112-05-30,Memorial Day
2112-07-04,Independence Day
2112-09-05,Labor Day
2112-11-24,Thanksgiving
2112-12-26,Christmas Day
2113-01-02,New Year's Day
2113-01-16,MLK Day
2113-02-20,President's Day
2113-03-31,Good Friday
2113-05-29,Memorial Day
2113-07-04,Independence Day
2113-09-04,Labor Day
2113-11-23,Thanksgiving
2113-12-25,Christmas Day
2114-01-01,New Year's Day
2114-01-15,MLK Day
2114-02-19,President's Day
2114-04-20,Good Friday
2114-05-28,Memorial Day
2114-07-04,Independence Day
2114-09-03,Labor Day
2114-11-22,Thanksgiving
2114-12-25,Christmas Day
2115-01-01,New Year's Day
2115-01-21,MLK Day
2115-02-18,President's Day
2115-04-12,Good Friday
2115-05-27,Memorial Day
2115-07-04,Independence Day
2115-09-02,Labor Day
2115-11-28,Thanksgiving
2115-12-25,Christmas Day
2116-01-01,New Year's Day
2116-01-20,MLK Day
2116-02-17,President's Day
2116-03-27,Good Friday
2116-05-25,Memorial Day
2116-07-03,Independence Day
2116-09-07,Labor Day
2116-11-26,Thanksgiving
2116-12-25,Christmas Day
2117-01-01,New Year's Day
2117-01-18,MLK Day
2117-02-15,President's Day
2117-04-16,Good Friday
2117-05-31,Memorial Day
2117-07-05,Independence Day
2117-09-06,Labor Day
2117-11-25,Thanksgiving
2117-12-24,Christmas Day
2117-12-31,New Year's Day
2118-01-17,MLK Day
2118-02-21,President's Day
2118-04-08,Good Friday
2118-05-30,Memorial Day
2118-07-04,Independence Day
2118-09-05,Labor Day
2118-11-24,Thanksgiving
2118-12-26,Christmas Day
2119-01-02,New Year's Day
2119-01-16,MLK Day
2119-02-20,President's Day
2119-03-24,Good Friday
2119-05-29,Memorial Day
2119-07-04,Independence Day
2119-09-04,Labor Day
2119-11-23,Thanksgiving
2119-12-25,Christmas Day
2120-01-01,New Year's Day
2120-01-15,MLK Day
2120-02-19,President's Day
2120-04-12,Good Friday
2120-05-27,Memorial Day
2120-07-04,Independence Day
2120-09-02,Labor Day
2120-11-28,Thanksgiving
2120-12-25,Christmas Day
2121-01-01,New Year's Day
2121-01-20,MLK Day
2121-02-17,President's Day
2121-04-04,Good Friday
2121-05-26,Memorial Day
2121-07-04,Independence Day
2121-09-01,Labor Day
2121-11-27,Thanksgiving
2121-12-25,Christmas Day
2122-01-01,New Year's Day
2122-01-19,MLK Day
2122-02-16,President's Day
2122-03-27,Good Friday
2122-05-25,Memorial Day
2122-07-03,Independence Day
2122-09-07,Labor Day
2122-11-26,Thanksgiving
2122-12-25,Christmas Day
2123-01-01,New Year's Day
2123-01-18,MLK Day
2123-02-15,President's Day
2123-04-09,Good Friday
2123-05-31,Memorial Day
2123-07-05,Independence Day
2123-09-06,Labor Day
2123-11-25,Thanksgiving
2123-12-24,Christmas Day
2123-12-31,New Year's Day
2124-01-17,MLK Day
2124-02-21,President's Day
2124-03-31,Good Friday
2124-05-29,Memorial Day
2124-07-04,Independence Day
2124-09-04,Labor Day
2124-11-23,Thanksgiving
2124-12-25,Christmas Day
2125-01-01,New Year's Day
2125-01-15,MLK Day
2125-02-19,President's Day
2125-04-20,Good Friday
2125-05-28,Memorial Day
2125-07-04,Independence Day
2125-09-03,Labor Day
2125-11-22,Thanksgiving
2125-12-25,Christmas Day
2126-01-01,New Year's Day
2126-01-21,MLK Day
2126-02-18,President's Day
2126-04-12,Good Friday
2126-05-27,Memorial Day
2126-07-04,Independence Day
2126-09-02,Labor Day
2126-11-28,Thanksgiving
2126-12-25,Christmas Day
2127-01-01,New Year's Day
2127-01-20,MLK Day
2127-02-17,President's Day
2127-03-28,Good Friday
2127-05-26,Memorial Day
2127-07-04,Independence Day
2127-09-01,Labor Day
2127-11-27,Thanksgiving
2127-12-25,Christmas Day
2128-01-01,New Year's Day
2128-01-19,MLK Day
2128-02-16,President's Day
2128-04-16,Good Friday
2128-05-31,Memorial Day
2128-07-05,Independence Day
2128-09-06,Labor Day
2128-11-25,Thanksgiving
2128-12-24,Christmas Day
2128-12-31,New Year's Day
2129-01-17,MLK Day
2129-02-21,President's Day
2129-04-08,Good Friday
2129-05-30,Memorial Day
2129-07-04,Independence Day
2129-09-05,Labor Day
2129-11-24,Thanksgiving
2129-12-26,Christmas Day
2130-01-02,New Year's Day
2130-01-16,MLK Day
2130-02-20,President's Day
2130-03-24,Good Friday
2130-05-29,Memorial Day
2130-07-04,Independence Day
2130-09-04,Labor Day
2130-11-23,Thanksgiving
2130-12-25,Christmas Day
2131-01-01,New Year's Day
2131-01-15,MLK Day
2131-02-19,President's Day
2131-04-13,Good Friday
2131-05-28,Memorial Day
2131-07-04,Independence Day
2131-09-03,Labor Day
2131-11-22,Thanksgiving
2131-12-25,Christmas Day
2132-01-01,New Year's Day
2132-01-21,MLK Day
2132-02-18,President's Day
2132-04-04,Good Friday
2132-05-26,Memorial Day
2132-07-04,Independence Day
2132-09-01,Labor Day
2132-11-27,Thanksgiving
2132-12-25,Christmas Day
2133-01-01,New Year's Day
2133-01-19,MLK Day
2133-02-16,President's Day
2133-04-17,Good Friday
2133-05-25,Memorial Day
2133-07-03,Independence Day
2133-09-07,Labor Day
2133-11-26,Thanksgiving
2133-12-25,Christmas Day
2134-01-01,New Year's Day
2134-01-18,MLK Day
2134-02-15,President's Day
2134-04-09,Good Friday
2134-05-31,Memorial Day
2134-07-05,Independence Day
2134-09-06,Labor Day
2134-11-25,Thanksgiving
2134-12-24,Christmas Day
2134-12-31,New Year's Day
2135-01-17,MLK Day
2135-02-21,President's Day
2135-04-01,Good Friday
2135-05-30,Memorial Day
2135-07-04,Independence Day
2135-09-05,Labor Day
2135-11-24,Thanksgiving
2135-12-26,Christmas Day
2136-01-02,New Year's Day
2136-01-16,MLK Day
2136-02-20,President's Day
2136-04-20,Good Friday
2136-05-28,Memorial Day
2136-07-04,Independence Day
2136-09-03,Labor Day
2136-11-22,Thanksgiving
2136-12-25,Christmas Day
2137-01-01,New Year's Day
2137-01-21,MLK Day
2137-02-18,President's Day
2137-04-05,Good Friday
2137-05-27,Memorial Day
2137-07-04,Independence Day
2137-09-02,Labor Day
2137-11-28,Thanksgiving
2137-12-25,Christmas Day
2138-01-01,New Year's Day
2138-01-20,MLK Day
2138-02-17,President's Day
2138-03-28,Good Friday
2138-05-26,Memorial Day
2138-07-04,Independence Day
2138-09-01,Labor Day
2138-11-27,Thanksgiving
2138-12-25,Christmas Day
2139-01-01,New Year's Day
2139-01-19,MLK Day
2139-02-16,President's Day
2139-04-17,Good Friday
2139-05-25,Memorial Day
2139-07-03,Independence Day
2139-09-07,Labor Day
2139-11-26,Thanksgiving
2139-12-25,Christmas Day
2140-01-01,New Year's Day
2140-01-18,MLK Day
2140-02-15,President's Day
2140-04-01,Good Friday
2140-05-30,Memorial Day
2140-07-04,Independence Day
2140-09-05,Labor Day
2140-11-24,Thanksgiving
2140-12-26,Christmas Day
2141-01-02,New Year's Day
2141-01-16,MLK Day
2141-02-20,President's Day
2141-03-24,Good Friday
2141-05-29,Memorial Day
2141-07-04,Independence Day
2141-09-04,Labor Day
2141-11-23,Thanksgiving
2141-12-25,Christmas Day
2142-01-01,New Year's Day
2142-01-15,MLK Day
2142-02-19,President's Day
2142-04-13,Good Friday
2142-05-28,Memorial Day
2142-07-04,Independence Day
2142-09-03,Labor Day
2142-11-22,Thanksgiving
2142-12-25,Christmas Day
2143-01-01,New Year's Day
2143-01-21,MLK Day
2143-02-18,President's Day
2143-03-29,Good Friday
2143-05-27,Memorial Day
2143-07-04,Independence Day
2143-09-02,Labor Day
2143-11-28,Thanksgiving
2143-12-25,Christmas Day
2144-01-01,New Year's Day
2144-01-20,MLK Day
2144-02-17,President's Day
2144-04-17,Good Friday
2144-05-25,Memorial Day
2144-07-03,Independence Day
2144-09-07,Labor Day
2144-11-26,Thanksgiving
2144-12-25,Christmas Day
2145-01-01,New Year's Day
2145-01-18,MLK Day
2145-02-15,President's Day
2145-04-09,Good Friday
2145-05-31,Memorial Day
2145-07-05,Independence Day
2145-09-06,Labor Day
2145-11-25,Thanksgiving
2145-12-24,Christmas Day
2145-12-31,New Year's Day
2146-01-17,MLK Day
2146-02-21,President's Day
2146-04-01,Good Friday
2146-05-30,Memorial Day
2146-07-04,Independence Day
2146-09-05,Labor Day
2146-11-24,Thanksgiving
2146-12-26,Christmas Day
2147-01-02,New Year's Day
2147-01-16,MLK Day
2147-02-20,President's Day
2147-04-14,Good Friday
2147-05-29,Memorial Day
2147-07-04,Independence Day
2147-09-04,Labor Day
2147-11-23,Thanksgiving
2147-12-25,Christmas Day
2148-01-01,New Year's Day
2148-01-15,MLK Day
2148-02-19,President's Day
2148-04-05,Good Friday
2148-05-27,Memorial Day
2148-07-04,Independence Day
2148-09-02,Labor Day
2148-11-28,Thanksgiving
2148-12-25,Christmas Day
2149-01-01,New Year's Day
2149-01-20,MLK Day
2149-02-17,President's Day
2149-03-28,Good Friday
2149-05-26,Memorial Day
2149-07-04,Independence Day
2149-09-01,Labor Day
2149-11-27,Thanksgiving
2149-12-25,Christmas Day
2150-01-01,New Year's Day
2150-01-19,MLK Day
2150-02-16,President's Day
2150-04-10,Good Friday
2150-05-25,Memorial Day
2150-07-03,Independence Day
2150-09-07,Labor Day
2150-11-26,Thanksgiving
2150-12-25,Christmas Day
2151-01-01,New Year's Day
2151-01-18,MLK Day
2151-02-15,President's Day
2151-04-02,Good Friday
2151-05-31,Memorial Day
2151-07-05,Independence Day
2151-09-06,Labor Day
2151-11-25,Thanksgiving
2151-12-24,Christmas Day
2151-12-31,New Year's Day
2152-01-17,MLK Day
2152-02-21,President's Day
2152-04-21,Good Friday
2152-05-29,Memorial Day
2152-07-04,Independence Day
2152-09-04,Labor Day
2152-11-23,Thanksgiving
2152-12-25,Christmas Day
2153-01-01,New Year's Day
2153-01-15,MLK Day
2153-02-19,President's Day
2153-04-13,Good Friday
2153-05-28,Memorial Day
2153-07-04,Independence Day
2153-09-03,Labor Day
2153-11-22,Thanksgiving
2153-12-25,Christmas Day
2154-01-01,New Year's Day
2154-01-21,MLK Day
2154-02-18,President's Day
2154-03-29,Good Friday
2154-05-27,Memorial Day
2154-07-04,Independence Day
2154-09-02,Labor Day
2154-11-28,Thanksgiving
2154-12-25,Christmas Day
2155-01-01,New Year's Day
2155-01-20,MLK Day
2155-02-17,President's Day
2155-04-18,Good Friday
2155-05-26,Memorial Day
2155-07-04,Independence Day
2155-09-01,Labor Day
2155-11-27,Thanksgiving
2155-12-25,Christmas Day
2156-01-01,New Year's Day
2156-01-19,MLK Day
2156-02-16,President's Day
2156-04-09,Good Friday
2156-05-31,Memorial Day
2156-07-05,Independence Day
2156-09-06,Labor Day
2156-11-25,Thanksgiving
2156-12-24,Christmas Day
2156-12-31,New Year's Day
2157-01-17,MLK Day
2157-02-21,President's Day
2157-03-25,Good Friday
2157-05-30,Memorial Day
2157-07-04,Independence Day
2157-09-05,Labor Day
2157-11-24,Thanksgiving
2157-12-26,Christmas Day
2158-01-02,New Year's Day
2158-01-16,MLK Day
2158-02-20,President's Day
2158-04-14,Good Friday
2158-05-29,Memorial Day
2158-07-04,Independence Day
2158-09-04,Labor Day
2158-11-23,Thanksgiving
2158-12-25,Christmas Day
2159-01-01,New Year's Day
2159-01-15,MLK Day
2159-02-19,President's Day
2159-04-06,Good Friday
2159-05-28,Memorial Day
2159-07-04,Independence Day
2159-09-03,Labor Day
2159-11-22,Thanksgiving
2159-12-25,Christmas Day
2160-01-01,New Year's Day
2160-01-21,MLK Day
2160-02-18,President's Day
2160-03-21,Good Friday
2160-05-26,Memorial Day
2160-07-04,Independence Day
2160-09-01,Labor Day
2160-11-27,Thanksgiving
2160-12-25,Christmas Day
2161-01-01,New Year's Day
2161-01-19,MLK Day
2161-02-16,President's Day
2161-04-10,Good Friday
2161-05-25,Memorial Day
2161-07-03,Independence Day
2161-09-07,Labor Day
2161-11-26,Thanksgiving
2161-12-25,Christmas Day
2162-01-01,New Year's Day
2162-01-18,MLK Day
2162-02-15,President's Day
2162-04-02,Good Friday
2162-05-31,Memorial Day
2162-07-05,Independence Day
2162-09-06,Labor Day
2162-11-25,Thanksgiving
2162-12-24,Christmas Day
2162-12-31,New Year's Day
2163-01-17,MLK Day
2163-02-21,President's Day
2163-04-22,Good Friday
2163-05-30,Memorial Day
2163-07-04,Independence Day
2163-09-05,Labor Day
2163-11-24,Thanksgiving
2163-12-26,Christmas Day
2164-01-02,New Year's Day
2164-01-16,MLK Day
2164-02-20,President's Day
2164-04-06,Good Friday
2164-05-28,Memorial Day
2164-07-04,Independence Day
2164-09-03,Labor Day
2164-11-22,Thanksgiving
2164-12-25,Christmas Day
2165-01-01,New Year's Day
2165-01-21,MLK Day
2165-02-18,President's Day
2165-03-29,Good Friday
2165-05-27,Memorial Day
2165-07-04,Independence Day
2165-09-02,Labor Day
2165-11-28,Thanksgiving
2165-12-25,Christmas Day
2166-01-01,New Year's Day
2166-01-20,MLK Day
2166-02-17,President's Day
2166-04-18,Good Friday
2166-05-26,Memorial Day
2166-07-04,Independence Day
2166-09-01,Labor Day
2166-11-27,Thanksgiving
2166-12-25,Christmas Day
2167-01-01,New Year's Day
2167-01-19,MLK Day
2167-02-16,President's Day
2167-04-03,Good Friday
2167-05-25,Memorial Day
2167-07-03,Independence Day
2167-09-07,Labor Day
2167-11-26,Thanksgiving
2167-12-25,Christmas Day
2168-01-01,New Year's Day
2168-01-18,MLK Day
2168-02-15,President's Day
2168-03-25,Good Friday
2168-05-30,Memorial Day
2168-07-04,Independence Day
2168-09-05,Labor Day
2168-11-24,Thanksgiving
2168-12-26,Christmas Day
2169-01-02,New Year's Day
2169-01-16,MLK Day
2169-02-20,President's Day
2169-04-14,Good Friday
2169-05-29,Memorial Day
2169-07-04,Independence Day
2169-09-04,Labor Day
2169-11-23,Thanksgiving
2169-12-25,Christmas Day
2170-01-01,New Year's Day
2170-01-15,MLK Day
2170-02-19,President's Day
2170-03-30,Good Friday
2170-05-28,Memorial Day
2170-07-04,Independence Day
2170-09-03,Labor Day
2170-11-22,Thanksgiving
2170-12-25,Christmas Day
2171-01-01,New Year's Day
2171-01-21,MLK Day
2171-02-18,President's Day
2171-04-19,Good Friday
2171-05-27,Memorial Day
2171-07-04,Independence Day
2171-09-02,Labor Day
2171-11-28,Thanksgiving
2171-12-25,Christmas Day
2172-01-01,New Year's Day
2172-01-20,MLK Day
2172-02-17,President's Day
2172-04-10,Good Friday
2172-05-25,Memorial Day
2172-07-03,Independence Day
2172-09-07,Labor Day
2172-11-26,Thanksgiving
2172-12-25,Christmas Day
2173-01-01,New Year's Day
2173-01-18,MLK Day
2173-02-15,President's Day
2173-04-02,Good Friday
2173-05-31,Memorial Day
2173-07-05,Independence Day
2173-09-06,Labor Day
2173-11-25,Thanksgiving
2173-12-24,Christmas Day
2173-12-31,New Year's Day
2174-01-17,MLK Day
2174-02-21,President's Day
2174-04-15,Good Friday
2174-05-30,Memorial Day
2174-07-04,Independence Day
2174-09-05,Labor Day
2174-11-24,Thanksgiving
2174-12-26,Christmas Day
2175-01-02,New Year's Day
2175-01-16,MLK Day
2175-02-20,President's Day
2175-04-07,Good Friday
2175-05-29,Memorial Day
2175-07-04,Independence Day
2175-09-04,Labor Day
2175-11-23,Thanksgiving
2175-12-25,Christmas Day
2176-01-01,New Year's Day
2176-01-15,MLK Day
2176-02-19,President's Day
2176-03-29,Good Friday
2176-05-27,Memorial Day
2176-07-04,Independence Day
2176-09-02,Labor Day
2176-11-28,Thanksgiving
2176-12-25,Christmas Day
2177-01-01,New Year's Day
2177-01-20,MLK Day
2177-02-17,President's Day
2177-04-18,Good Friday
2177-05-26,Memorial Day
2177-07-04,Independence Day
2177-09-01,Labor Day
2177-11-27,Thanksgiving
2177-12-25,Christmas Day
2178-01-01,New Year's Day
2178-01-19,MLK Day
2178-02-16,President's Day
2178-04-03,Good Friday
2178-05-25,Memorial Day
2178-07-03,Independence Day
2178-09-07,Labor Day
2178-11-26,Thanksgiving
2178-12-25,Christmas Day
2179-01-01,New Year's Day
2179-01-18,MLK Day
2179-02-15,President's Day
2179-03-26,Good Friday
2179-05-31,Memorial Day
2179-07-05,Independence Day
2179-09-06,Labor Day
2179-11-25,Thanksgiving
2179-12-24,Christmas Day
2179-12-31,New Year's Day
2180-01-17,MLK Day
2180-02-21,President's Day
2180-04-14,Good Friday
2180-05-29,Memorial Day
2180-07-04,Independence Day
2180-09-04,Labor Day
2180-11-23,Thanksgiving
2180-12-25,Christmas Day
2181-01-01,New Year's Day
2181-01-15,MLK Day
2181-02-19,President's Day
2181-03-30,Good Friday
2181-05-28,Memorial Day
2181-07-04,Independence Day
2181-09-03,Labor Day
2181-11-22,Thanksgiving
2181-12-25,Christmas Day
2182-01-01,New Year's Day
2182-01-21,MLK Day
2182-02-18,President's Day
2182-04-19,Good Friday
2182-05-27,Memorial Day
2182-07-04,Independence Day
2182-09-02,Labor Day
2182-11-28,Thanksgiving
2182-12-25,Christmas Day
2183-01-01,New Year's Day
2183-01-20,MLK Day
2183-02-17,President's Day
2183-04-11,Good Friday
2183-05-26,Memorial Day
2183-07-04,Independence Day
2183-09-01,Labor Day
2183-11-27,Thanksgiving
2183-12-25,Christmas Day
2184-01-01,New Year's Day
2184-01-19,MLK Day
2184-02-16,President's Day
2184-03-26,Good Friday
2184-05-31,Memorial Day
2184-07-05,Independence Day
2184-09-06,Labor Day
2184-11-25,Thanksgiving
2184-12-24,Christmas Day
2184-12-31,New Year's Day
2185-01-17,MLK Day
2185-02-21,President's Day
2185-04-15,Good Friday
2185-05-30,Memorial Day
2185-07-04,Independence Day
2185-09-05,Labor Day
2185-11-24,Thanksgiving
2185-12-26,Christmas Day
2186-01-02,New Year's Day
2186-01-16,MLK Day
2186-02-20,President's Day
2186-04-07,Good Friday
2186-05-29,Memorial Day
2186-07-04,Independence Day
2186-09-04,Labor Day
2186-11-23,Thanksgiving
2186-12-25,Christmas Day
2187-01-01,New Year's Day
2187-01-15,MLK Day
2187-02-19,President's Day
2187-03-23,Good Friday
2187-05-28,Memorial Day
2187-07-04,Independence Day
2187-09-03,Labor Day
2187-11-22,Thanksgiving
2187-12-25,Christmas Day
2188-01-01,New Year's Day
2188-01-21,MLK Day
2188-02-18,President's Day
2188-04-11,Good Friday
2188-05-26,Memorial Day
2188-07-04,Independence Day
2188-09-01,Labor Day
2188-11-27,Thanksgiving
2188-12-25,Christmas Day
2189-01-01,New Year's Day
2189-01-19,MLK Day
2189-02-16,President's Day
2189-04-03,Good Friday
2189-05-25,Memorial Day
2189-07-03,Independence Day
2189-09-07,Labor Day
2189-11-26,Thanksgiving
2189-12-25,Christmas Day
2190-01-01,New Year's Day
2190-01-18,MLK Day
2190-02-15,President's Day
2190-04-23,Good Friday
2190-05-31,Memorial Day
2190-07-05,Independence Day
2190-09-06,Labor Day
2190-11-25,Thanksgiving
2190-12-24,Christmas Day
2190-12-31,New Year's Day
2191-01-17,MLK Day
2191-02-21,President's Day
2191-04-08,Good Friday
2191-05-30,Memorial Day
2191-07-04,Independence Day
2191-09-05,Labor Day
2191-11-24,Thanksgiving
2191-12-26,Christmas Day
2192-01-02,New Year's Day
2192-01-16,MLK Day
2192-02-20,President's Day
2192-03-30,Good Friday
2192-05-28,Memorial Day
2192-07-04,Independence Day
2192-09-03,Labor Day
2192-11-22,Thanksgiving
2192-12-25,Christmas Day
2193-01-01,New Year's Day
2193-01-21,MLK Day
2193-02-18,President's Day
2193-04-19,Good Friday
2193-05-27,Memorial Day
2193-07-04,Independence Day
2193-09-02,Labor Day
2193-11-28,Thanksgiving
2193-12-25,Christmas Day
2194-01-01,New Year's Day
2194-01-20,MLK Day
2194-02-17,President's Day
2194-04-04,Good Friday
2194-05-26,Memorial Day
2194-07-04,Independence Day
2194-09-01,Labor Day
2194-11-27,Thanksgiving
2194-12-25,Christmas Day
2195-01-01,New Year's Day
2195-01-19,MLK Day
2195-02-16,President's Day
2195-03-27,Good Friday
2195-05-25,Memorial Day
2195-07-03,Independence Day
2195-09-07,Labor Day
2195-11-26,Thanksgiving
2195-12-25,Christmas Day
2196-01-01,New Year's Day
2196-01-18,MLK Day
2196-02-15,President's Day
2196-04-15,Good Friday
2196-05-30,Memorial Day
2196-07-04,Independence Day
2196-09-05,Labor Day
2196-11-24,Thanksgiving
2196-12-26,Christmas Day
2197-01-02,New Year's Day
2197-01-16,MLK Day
2197-02-20,President's Day
2197-04-07,Good Friday
2197-05-29,Memorial Day
2197-07-04,Independence Day
2197-09-04,Labor Day
2197-11-23,Thanksgiving
2197-12-25,Christmas Day
2198-01-01,New Year's Day
2198-01-15,MLK Day
2198-02-19,President's Day
2198-03-23,Good Friday
2198-05-28,Memorial Day
2198-07-04,Independence Day
2198-09-03,Labor Day
2198-11-22,Thanksgiving
2198-12-25,Christmas Day
2199-01-01,New Year's Day
2199-01-21,MLK Day
2199-02-18,President's Day
2199-04-12,Good Friday
2199-05-27,Memorial Day
2199-07-04,Independence Day
2199-09-02,Labor Day
2199-11-28,Thanksgiving
2199-12-25,Christmas Day
